,Release_Date,Title,Production_Budget,Domestic_Gross,Worldwide_Gross
0,9/28/2007,Se jie,15000000,4604982,65167430
1,10/21/2005,"Kiss Kiss, Bang Bang",15000000,4235837,16829464
2,4/30/1999,Idle Hands,15000000,4023741,4023741
3,10/30/2015,Scouts Guide to the Zombie Apocalypse,15000000,3703046,15554855
4,1/26/2007,Blood and Chocolate,15000000,3526588,6551310
5,9/22/2010,You Will Meet a Tall Dark Stranger,15000000,3247816,34247816
6,9/15/2010,Never Let Me Go,15000000,2434652,11173718
7,12/25/2003,The Company,15000000,2281585,3396508
8,7/18/2008,Transsiberian,15000000,2203641,6379575
9,10/22/1999,Crazy in Alabama,15000000,1954202,1954202
10,1/17/1986,The Clan of the Cave Bear,15000000,1953732,1953732
11,3/14/2008,Funny Games,15000000,1294640,8200127
12,6/2/2006,Banlieue 13,15000000,1200216,11599903
13,11/12/1999,Felicia's Journey,15000000,824295,1970268
14,1/25/2002,Metropolis,15000000,673414,1405032
15,10/16/2015,Nie yin niang,15000000,632542,6832542
16,12/1/1995,Things to Do in Denver when You're Dead,15000000,529766,529766
17,4/26/2013,The Reluctant Fundamentalist,15000000,528731,528731
18,2/6/2004,The Return,15000000,501752,5953886
19,7/25/2003,Buffalo Soldiers,15000000,353743,353743
20,4/25/2003,Steal (Canadian Release),15000000,220944,220944
21,8/27/2010,Centurion,15000000,123570,7885048
22,10/23/2009,Ong-Bak 2,15000000,102458,7583050
23,12/31/1996,Silent Trigger,15000000,76382,76382
24,8/1/2008,Midnight Meat Train,15000000,73548,1590246
25,9/6/2013,Winnie Mandela,15000000,61847,61847
26,11/4/2011,The Son of No One,15000000,30680,1148578
27,10/25/2002,All the Queen's Men,15000000,22723,22723
28,10/5/2007,The Good Night,15000000,22441,22441
29,12/6/2013,Khumba,15000000,0,20898221
30,5/5/2015,A Few Best Men,15000000,0,17224539
31,10/10/2014,Automata,15000000,0,6775458
32,12/31/2015,Chiamatemi Francesco - Il papa della gente,15000000,0,3454036
33,12/31/2008,Bathory,15000000,0,3436763
34,12/31/2005,Dungeons & Dragons: Wrath of the Dragon God,15000000,0,909822
35,2/17/2017,In Dubious Battle,15000000,0,214182
36,9/1/2015,Broken Horses,15000000,0,3471
37,6/29/2001,Pandaemonium,15000000,0,0
38,2/5/2010,Shinjuku Incident,15000000,0,0
39,8/10/2018,The Meg,15000000,0,0
40,2/12/1993,Groundhog Day,14600000,70906973,70906973
41,7/1/2015,Magic Mike XXL,14500000,66013057,123709460
42,11/1/1996,Romeo+Juliet,14500000,46338728,147542381
43,7/22/2011,Elle s'appelait Sarah,14500000,7691700,25480031
44,6/5/2015,Freedom,14500000,0,812783
45,8/7/1992,Unforgiven,14400000,101157447,159157447
46,1/27/2006,Manderlay,14200000,74205,543306
47,3/23/1990,Pretty Woman,14000000,178406268,432645872
48,9/18/1987,Fatal Attraction,14000000,156645693,320100000
49,11/12/2008,Slumdog Millionaire,14000000,141330703,384530440
50,12/17/1974,Towering Inferno,14000000,116000000,139700000
51,5/25/1988,Crocodile Dundee 2,14000000,109306210,239606210
52,12/20/1989,Born on the Fourth of July,14000000,70001698,70001698
53,10/1/1993,Cool Runnings,14000000,68856263,155056263
54,1/12/2007,Stomp the Yard,14000000,61356221,75525718
55,1/16/2009,My Bloody Valentine,14000000,51545952,102836002
56,8/31/2012,The Possession,14000000,49130588,82925064
57,10/22/1982,First Blood,14000000,47212904,125212904
58,7/13/1977,The Spy Who Loved Me,14000000,46800000,185400000
59,9/25/1998,Urban Legend,14000000,38116707,72571864
60,12/9/1981,Taps,14000000,35856053,35856053
61,2/24/2012,Tyler Perry's Good Deeds,14000000,35025791,35579177
62,1/18/1991,White Fang,14000000,34729091,34729091
63,12/21/1988,Dangerous Liaisons,14000000,34700000,34700000
64,10/8/1999,Superstar,14000000,30628981,30628981
65,1/13/2012,The Iron Lady,14000000,29959436,115592104
66,7/23/1993,Poetic Justice,14000000,27450453,27450453
67,10/4/2002,Jonah: A VeggieTales Movie,14000000,25571351,25608779
68,3/8/2002,All About the Benjamins,14000000,25482931,25873145
69,6/17/1977,Exorcist II: The Heretic,14000000,25011000,25011000
70,3/12/2010,Our Family Wedding,14000000,20255281,21410546
71,10/27/1995,Vampire in Brooklyn,14000000,19637147,19637147
72,5/5/2006,An American Haunting,14000000,16298046,30443277
73,8/22/2003,My Boss's Daughter,14000000,15549702,15549702
74,8/7/2009,A Perfect Getaway,14000000,15515460,22815460
75,10/25/1996,Thinner,14000000,15171475,15171475
76,8/21/1998,Dead Man on Campus,14000000,15064948,15064948
77,5/14/1999,Tea with Mussolini,14000000,14395874,14395874
78,6/22/1977,"New York, New York",14000000,13800000,13800000
79,4/26/2002,Jason X,14000000,13121555,16951798
80,5/13/1994,Crooklyn,14000000,13024170,13024170
81,3/16/2007,I Think I Love My Wife,14000000,12559771,13205411
82,2/20/2015,Hot Tub Time Machine 2,14000000,12314651,12452601
83,11/17/2006,Bobby,14000000,11242801,20597806
84,2/2/2001,Head Over Heels,14000000,10397365,10397365
85,10/26/2012,Fun Size,14000000,9409538,11166615
86,4/23/1999,Lost and Found,14000000,6552255,6552255
87,11/30/2007,Le Scaphandre et le Papillon,14000000,5990075,22754472
88,10/6/2006,Little Children,14000000,5463019,14121177
89,4/21/2000,Gossip,14000000,5108820,12591270
90,3/26/1999,A Walk on the Moon,14000000,4741987,4741987
91,10/23/2015,Suffragette,14000000,4702420,34044909
92,10/27/2006,Catch a Fire,14000000,4299773,5782198
93,12/19/2014,Mr. Turner,14000000,3958546,25187026
94,9/7/2001,Soul Survivors,14000000,3100650,4288246
95,5/22/2009,Easy Virtue,14000000,2656784,20537741
96,3/31/1995,Jefferson in Paris,14000000,2461628,2461628
97,8/6/2010,Flipped,14000000,1755212,4289993
98,1/1/1978,Caravans,14000000,1000000,1000000
99,6/25/2010,Les herbes folles,14000000,403952,1903952
100,1/24/2003,Amen,14000000,274299,274299
101,9/26/2008,The Lucky Ones,14000000,266967,266967
102,9/30/2011,Margaret,14000000,47185,623292
103,11/1/2016,Reign of Assassins,14000000,0,11354230
104,10/27/2009,Stan Helsing: A Parody,14000000,0,1553556
105,12/9/2005,Brokeback Mountain,13900000,83043761,177012173
106,7/1/1995,Clueless,13700000,56598476,56598476
107,12/31/2008,Ca$h,13700000,0,11738256
108,3/30/1990,Teenage Mutant Ninja Turtles,13500000,135265915,202000000
109,10/5/1956,The Ten Commandments,13500000,80000000,80000000
110,11/8/2002,Far From Heaven,13500000,15901849,29027914
111,10/12/2012,Seven Psychopaths,13500000,15024049,33035736
112,11/22/2000,Quills,13500000,7060876,11732088
113,1/29/1982,The Border,13500000,6118683,6118683
114,2/18/2005,Der Untergang,13500000,5501940,93631744
115,3/2/2001,The Caveman's Valentine,13500000,687081,892506
116,4/1/2011,The Last Godfather,13400000,164247,164247
117,4/4/2014,Under the Skin,13300000,2614251,7229933
118,12/17/2004,Mar adentro,13300000,2086345,39686345
119,9/12/2014,No Good Deed,13200000,52543632,54323210
120,12/23/1987,Good Morning Vietnam,13000000,123922370,123922370
121,12/3/2010,Black Swan,13000000,106954678,331266710
122,1/12/2001,Save the Last Dance,13000000,91038276,122244329
123,2/11/2011,Justin Bieber: Never Say Never,13000000,73013910,99034125
124,3/16/2016,Miracles from Heaven,13000000,61705123,73798720
125,2/11/2000,Snow Day,13000000,60008303,62452927
126,1/23/2004,The Butterfly Effect,13000000,57924679,95638592
127,12/11/1974,The Godfather: Part II,13000000,57300000,57300000
128,6/24/2016,The Shallows,13000000,55121623,118888025
129,7/17/1987,RoboCop,13000000,53424681,53424681
130,7/4/2018,The First Purge,13000000,52929930,76023230
131,8/19/1988,A Nightmare on Elm Street 4: The Dream Master,13000000,49369899,49369899
132,11/21/2007,This Christmas,13000000,49121934,49733545
133,2/14/2014,About Last Night,13000000,48637684,50445860
134,12/15/2000,"Dude, Where's My Car?",13000000,46729374,73180297
135,8/12/1988,Young Guns,13000000,44726644,44726644
136,10/10/2014,St. Vincent,13000000,44137712,54837234
137,7/2/2014,Earth to Echo,13000000,38934842,42174545
138,3/31/1999,10 Things I Hate About You,13000000,38177966,60414025
139,5/10/2002,The New Guy,13000000,28972187,28972187
140,2/5/1993,Loaded Weapon 1,13000000,27979399,27979399
141,3/12/1999,Baby Geniuses,13000000,27151490,27151490
142,4/24/1998,The Big Hit,13000000,27066941,27066941
143,11/9/1990,Child's Play 2,13000000,26904572,34166572
144,7/10/1996,Harriet the Spy,13000000,26570048,26570048
145,3/1/2013,21 and Over,13000000,25682380,42195766
146,11/21/2007,The Mist,13000000,25593755,57189408
147,4/10/2015,Ex Machina,13000000,25440971,38358392
148,10/29/1999,Being John Malkovich,13000000,22858926,32382381
149,9/7/2001,Two Can Play That Game,13000000,22235901,22391450
150,3/11/2016,Eye in the Sky,13000000,18704596,34916128
151,3/22/2013,Admission,13000000,18007317,18733666
152,9/21/2012,The Perks of Being a Wallflower,13000000,17742948,33069303
153,6/29/2001,crazy/beautiful,13000000,16929123,19929123
154,8/28/1998,54,13000000,16757163,16757163
155,10/16/2015,Room,13000000,14677674,36262783
156,10/16/2015,Woodlawn,13000000,14394097,14403703
157,12/20/2006,Letters from Iwo Jima,13000000,13756082,67867998
158,5/29/2009,MÃ¤n som hatar kvinnor,13000000,12749992,109421911
159,2/23/2007,The Astronaut Farmer,13000000,11003643,11141213
160,6/12/1998,Dirty Work,13000000,10020081,10020081
161,5/8/1998,Woo,13000000,8064972,8064972
162,9/9/2016,Robinson Crusoe,13000000,8005586,30708101
163,4/13/1994,Serial Mom,13000000,7881335,7881335
164,8/4/1999,Dick,13000000,6276869,6276869
165,11/10/1999,Light It Up,13000000,5871603,5871603
166,8/24/2001,Bubble Boy,13000000,5002310,5002310
167,2/1/2002,Birthday Girl,13000000,4919896,8130727
168,5/4/2007,"Paris, je t'aime",13000000,4857374,5175088
169,8/24/2007,Resurrecting the Champ,13000000,3172382,3260555
170,3/26/2010,Chloe,13000000,3075255,11831131
171,3/2/2001,The Widow of St. Pierre,13000000,3058380,3058380
172,4/5/1996,Faithful,13000000,2104439,2104439
173,2/26/2010,Un ProphÃ¨te,13000000,2087720,19910624
174,12/3/2010,"I Love You, Phillip Morris",13000000,2037459,23014027
175,7/24/2015,The Vatican Tapes,13000000,1784763,14999638
176,3/17/2006,Find Me Guilty,13000000,1173673,2898225
177,5/14/1993,Excessive Force,13000000,1152117,1152117
178,10/13/2006,Infamous,13000000,1151330,2613717
179,7/29/2011,Attack the Block,13000000,1024175,6459183
180,8/14/2015,Brothers,13000000,656688,17856688
181,12/29/2000,The Claim,13000000,622023,1375635
182,12/23/2011,In The Land of Blood and Honey,13000000,303877,509193
183,6/18/2010,The Killer Inside Me,13000000,217277,3617277
184,3/30/2012,Womb,13000000,0,0
185,3/15/2013,The Call,12800000,51872378,69821476
186,8/5/2016,Operation Chromite,12700000,1022720,49196532
187,9/12/2014,The Drop,12600000,10724389,19054534
188,7/12/2002,The Crocodile Hunter: Collision Course,12500000,28436931,33436931
189,9/3/2010,Machete,12500000,26593646,46370970
190,12/19/2002,Antwone Fisher,12500000,21078145,23367586
191,2/12/1982,La Guerre du feu,12500000,20959585,20959585
192,11/22/2002,The Emperor's Club,12500000,14060950,16193713
193,9/10/1993,True Romance,12500000,12281000,12309980
194,9/11/2009,Sorority Row,12500000,11965282,26735797
195,9/30/1992,Glengarry Glen Ross,12500000,10725228,10725228
196,11/7/2008,The Boy in the Striped Pyjamas,12500000,9046156,44083403
197,4/2/1982,Cat People,12500000,7000000,21000000
198,5/25/1979,The Prisoner of Zenda,12500000,7000000,7000000
199,10/15/2010,Conviction,12500000,6797696,11826980
200,10/12/2007,Lars and the Real Girl,12500000,5956480,11277119
201,5/21/2010,Solitary Man,12500000,4360548,4360548
202,9/22/2000,Dancer in the Dark,12500000,4157491,45557491
203,12/17/2010,Casino Jack,12500000,2039869,2272186
204,12/31/1997,Oscar and Lucinda,12500000,1612957,1612957
205,11/1/1996,The Funeral,12500000,1212799,1412799
206,9/3/2004,Tae Guik Gi: The Brotherhood of War,12500000,1110186,69826708
207,4/16/2010,The Perfect Game,12500000,1089445,3931367
208,10/5/2012,The Paperboy,12500000,677200,3522153
209,3/1/2013,Ernest et Celestine,12500000,292562,9376444
210,5/4/2012,A Little Bit of Heaven,12500000,10011,1100287
211,11/18/1988,The Land Before Time,12300000,48092846,81972846
212,6/20/1975,Jaws,12000000,260000000,470700000
213,12/26/1973,The Exorcist,12000000,204868002,402735134
214,6/6/2014,The Fault in Our Stars,12000000,124872350,307166834
215,7/9/1999,American Pie,12000000,101800948,234723148
216,4/20/2012,Think Like a Man,12000000,91547205,113373764
217,4/16/2014,Heaven is for Real,12000000,91386097,100919111
218,12/12/1986,The Golden Child,12000000,79817937,79817937
219,6/4/1982,Star Trek II: The Wrath of Khan,12000000,78912963,95800000
220,9/13/2002,Barbershop,12000000,75781642,77063461
221,6/3/1983,WarGames,12000000,74433837,74433837
222,2/4/1994,Ace Ventura: Pet Detective,12000000,72217396,107217396
223,2/24/2012,Act of Valor,12000000,70012847,82497035
224,2/8/1985,Witness,12000000,65532576,65532576
225,8/11/2006,Step Up,12000000,65328121,110989157
226,2/3/2012,Chronicle,12000000,64575175,123681790
227,12/20/1996,Beavis and Butt-Head Do America,12000000,63118386,63118386
228,1/1/1970,Patton,12000000,62500000,62500000
229,3/2/2012,Project X,12000000,54731865,103028188
230,11/10/2017,"Three Billboards Outside Ebbing, Missouri",12000000,54513740,153466153
231,11/25/2016,Lion,12000000,51739495,149875676
232,5/4/2018,Overboard,12000000,50316123,86313658
233,12/25/1997,Jackie Brown,12000000,39673162,74727492
234,11/18/1983,Yentl,12000000,39012241,39012241
235,4/25/2008,Harold & Kumar Escape from Guantanamo Bay,12000000,38108728,43353117
236,11/22/2013,Philomena,12000000,37709979,98963392
237,11/6/1981,Time Bandits,12000000,37400000,37400000
238,2/15/2002,Crossroads,12000000,37188667,57000000
239,7/24/2015,Paper Towns,12000000,32000304,85512300
240,10/10/2008,Quarantine,12000000,31691811,41924774
241,8/21/2002,One Hour Photo,12000000,31597131,52223306
242,2/1/2008,The Eye,12000000,31418697,57577765
243,4/7/2004,Johnson Family Vacation,12000000,31203964,31286759
244,12/21/2001,How High,12000000,31155435,31222395
245,10/7/1960,Spartacus,12000000,30000000,60000000
246,9/1/2006,Crank,12000000,27838408,43924923
247,12/11/1992,The Muppet Christmas Carol,12000000,27281507,27492918
248,8/12/2016,Hell or High Water,12000000,27007844,37584304
249,10/25/2002,Frida,12000000,25885000,56131239
250,7/5/2012,Katy Perry: Part of Me,12000000,25326071,32700439
251,12/12/2014,Top Five,12000000,25317379,25514848
252,9/11/1998,Rounders,12000000,22921898,22921898
253,4/28/1967,Casino Royale,12000000,22744718,41744718
254,6/15/1979,Prophecy,12000000,22673340,22673340
255,1/30/2015,Project Almanac,12000000,22348241,32909437
256,5/14/2010,Just Wright,12000000,21540363,21867665
257,9/10/1999,Stir of Echoes,12000000,21133087,21133087
258,1/13/1995,Tales from the Crypt: Demon Knight,12000000,21089146,21089146
259,1/1/1978,The Boys from Brazil,12000000,19000000,19000000
260,3/11/2005,The Upside of Anger,12000000,18761993,28915761
261,3/3/2006,Aquamarine,12000000,18597342,22978953
262,11/15/2013,Nebraska,12000000,17654912,24761360
263,1/9/2004,My Baby's Daddy,12000000,17321573,17322212
264,10/5/2001,Max Keeble's Big Move,12000000,17292381,17292381
265,12/9/2011,Young Adult,12000000,16311571,22750356
266,11/1/2013,About Time,12000000,15323921,89309178
267,7/14/2017,Wish Upon,12000000,14301505,23477345
268,8/6/1997,Def Jam's How To Be a Player,12000000,14010363,14010363
269,10/30/1998,Living Out Loud,12000000,12905901,12905901
270,10/3/2008,Rachel Getting Married,12000000,12796861,17475475
271,3/20/1981,The Postman Always Rings Twice,12000000,12200000,44200000
272,12/12/2003,Girl with a Pearl Earring,12000000,11634362,43274797
273,2/10/1982,Das Boot,12000000,11487676,84970337
274,4/21/2017,Unforgettable,12000000,11368012,16233456
275,12/3/2004,House of Flying Daggers,12000000,11050094,92863945
276,3/22/2002,Sorority Boys,12000000,10198766,12516222
277,10/13/2017,Marshall,12000000,10051659,10111433
278,12/5/2008,Cadillac Records,12000000,8195551,8942516
279,9/14/2012,Arbitrage,12000000,7919574,35830713
280,10/24/1960,The Alamo,12000000,7900000,7900000
281,5/12/2000,Screwed,12000000,6982680,6982680
282,10/20/2006,Running With Scissors,12000000,6860000,8706701
283,9/3/1993,Fortress,12000000,6730578,46730578
284,6/1/2012,For Greater Glory,12000000,5669081,10026255
285,11/17/2006,For Your Consideration,12000000,5549923,5549923
286,11/20/1998,Celebrity,12000000,5078660,6200000
287,6/20/2003,From Justin to Kelly,12000000,4922166,4922166
288,6/6/1986,Invaders from Mars,12000000,4884663,4984663
289,3/22/1996,Girl 6,12000000,4880941,4880941
290,10/22/2003,In the Cut,12000000,4717455,23693646
291,2/22/2008,Charlie Bartlett,12000000,3950294,5295909
292,2/13/2009,Two Lovers,12000000,3149034,16349034
293,11/15/2013,La grande bellezza,12000000,2883879,29549145
294,2/15/2002,Last Orders,12000000,2326407,2326407
295,3/9/2007,Gwoemul,12000000,2201923,92618117
296,11/13/1981,The Pursuit of D.B. Cooper,12000000,2104164,2104164
297,3/19/1999,Ravenous,12000000,2062406,2062406
298,6/14/2002,The Dangerous Lives of Altar Boys,12000000,1779284,1779284
299,3/1/2013,Stoker,12000000,1703125,12034913
300,3/7/2008,Married Life,12000000,1506998,2975188
301,8/5/2005,2046,12000000,1442338,19287485
302,3/11/2011,Kill the Irishman,12000000,1188194,1188194
303,9/30/2005,Duma,12000000,870067,994790
304,4/20/2012,Darling Companion,12000000,793352,1200346
305,6/4/2010,Ondine,12000000,550472,557545
306,7/20/2001,Brother,12000000,450594,450594
307,10/4/2002,Welcome to Collinwood,12000000,378650,4606284
308,4/18/2008,Life Before Her Eyes,12000000,303439,7203439
309,10/31/1997,Critical Care,12000000,220175,220175
310,9/28/2007,Trade,12000000,214202,1513388
311,1/6/2006,Fateless,12000000,196857,196857
312,9/3/2010,San qiang pai an jing qi,12000000,190946,310946
313,9/17/1999,Breakfast of Champions,12000000,178287,178287
314,3/9/2001,Company Man,12000000,146028,622273
315,11/7/2009,Nanjing! Nanjing!,12000000,122558,20122558
316,10/9/2015,Trash,12000000,17484,6553186
317,8/19/2011,5 Days of War,12000000,17479,87793
318,11/11/2015,10 Days in a Madhouse,12000000,14616,14616
319,4/7/2009,1612,12000000,0,5400624
320,12/31/2011,Tu Xia Chuan Qi,12000000,0,1828400
321,6/5/2009,Home,12000000,0,1620056
322,2/10/2010,Triangle,12000000,0,1595168
323,10/19/2013,Supesu Batorushippu Yamato,12000000,0,0
324,10/3/2014,Drive Hard,12000000,0,0
325,10/30/2015,Dancin' It's On,12000000,0,0
326,12/31/2015,San cheng ji,12000000,0,0
327,9/23/2016,The Dressmaker,11900000,2022115,24041617
328,12/10/1999,Diamonds,11900000,81897,81897
329,3/20/1998,Madadayo,11900000,48856,48856
330,11/20/2015,Carol,11800000,12711491,42981766
331,4/21/1989,Pet Sematary,11500000,57469179,57469179
332,1/22/2016,Dirty Grandpa,11500000,35593113,105241410
333,11/27/2009,The Cry of the Owl,11500000,0,0
334,10/9/2009,St. Trinianâs,11400000,15000,29830239
335,5/25/1977,Star Wars Ep. IV: A New Hope,11000000,460998007,786598007
336,6/8/1984,Gremlins,11000000,148168459,148199515
337,12/22/1965,Doctor Zhivago,11000000,111721000,111859493
338,12/10/2010,The Fighter,11000000,93617009,129262388
339,10/24/2008,High School Musical 3: Senior Year,11000000,90559416,274392880
340,12/27/1991,Fried Green Tomatoes,11000000,81204830,81204830
341,9/22/2006,Jackass: Number Two,11000000,72778712,85278712
342,3/13/1992,My Cousin Vinny,11000000,52929168,52929168
343,8/22/2014,If I Stay,11000000,50474843,78356170
344,4/7/1989,Major League,11000000,49793054,49793054
345,4/4/2003,Phone Booth,11000000,46566212,97837138
346,1/25/2002,A Walk to Remember,11000000,41227069,46060915
347,12/29/1995,Dead Man Walking,11000000,39387284,83088295
348,11/4/2015,Brooklyn,11000000,38322743,62076141
349,3/5/1999,Cruel Intentions,11000000,38230075,75803716
350,10/17/2008,The Secret Life of Bees,11000000,37780486,39994347
351,4/1/2015,Woman in Gold,11000000,33307793,56991059
352,6/12/1981,History of the World: Part I,11000000,31672000,31672000
353,12/8/2017,"I, Tonya",11000000,30014534,47533707
354,10/23/2009,Saw VI,11000000,27693292,69752402
355,10/12/2001,Corky Romano,11000000,23978402,25116103
356,8/7/1992,Raising Cain,11000000,21171695,21171695
357,4/13/1978,F.I.S.T,11000000,20388920,20388920
358,1/1/1975,Barry Lyndon,11000000,20000000,20169934
359,1/11/2013,Quartet,11000000,18388357,56178935
360,11/21/2001,Out Cold,11000000,13906394,14786394
361,10/13/2000,The Ladies Man,11000000,13592872,13719474
362,3/30/2001,Tomcats,11000000,13558739,13558739
363,12/6/2013,Inside Llewyn Davis,11000000,13248209,32943247
364,4/12/2002,Frailty,11000000,13110448,19947280
365,2/19/1993,Army of Darkness,11000000,11502976,21502976
366,11/12/2004,Kinsey,11000000,10214647,17443529
367,12/25/1993,What's Eating Gilbert Grape,11000000,9170214,9170214
368,2/1/2002,Slackers,11000000,4814244,5942218
369,9/26/2003,The Gospel of John,11000000,4068087,4234355
370,10/10/2004,Vera Drake,11000000,3753806,13353855
371,1/31/2003,The Guru,11000000,3051221,24150550
372,12/14/1995,Othello,11000000,2844379,2844379
373,5/12/1995,The Perez Family,11000000,2794056,2794056
374,1/1/1970,The Molly Maguires,11000000,2200000,2200000
375,1/1/1991,Return to the Blue Lagoon,11000000,2000000,2000000
376,9/7/2007,Romance and Cigarettes,11000000,551002,3231251
377,11/10/2006,Copying Beethoven,11000000,355968,6586324
378,8/26/2011,Brighton Rock,11000000,229653,229653
379,11/16/2012,Le prÃ©nom,11000000,61611,25307405
380,5/8/2015,La famille BÃ©lier,11000000,0,82438670
381,5/4/2012,LOL,11000000,0,10431506
382,2/5/2016,Misconduct,11000000,0,2352511
383,10/24/2008,Saw V,10800000,56746769,118209778
384,5/25/2012,Les Intouchables,10800000,13182281,484873045
385,4/27/2007,Jindabyne,10800000,399879,2862544
386,8/11/2006,Kabhi Alvida Naa Kehna,10750000,3275443,32575443
387,6/4/1982,Poltergeist,10700000,74706019,121706019
388,6/18/1999,An Ideal Husband,10700000,18542974,31341183
389,12/25/2004,Darkness,10600000,22163442,34409206
390,12/6/2013,The Last Days on Mars,10600000,24084,261364
391,6/11/1982,ET: The Extra-Terrestrial,10500000,435110554,792965326
392,4/2/1968,2001: A Space Odyssey,10500000,57978430,69975665
393,4/20/2007,In the Land of Women,10500000,11052958,14140402
394,12/31/1994,There Goes My Baby,10500000,125169,125169
395,2/20/2004,The Blue Butterfly,10400000,1610194,1610194
396,11/2/2001,Le Fabuleux destin d'AmÃ©lie Poulain,10350000,33201661,174201661
397,2/18/1983,Lovesick,10100000,10143618,10143618
398,4/30/2010,Housefull,10100000,1183658,18726300
399,8/24/2007,September Dawn,10100000,1066555,1066555
400,12/5/1997,Good Will Hunting,10000000,138433435,225925989
401,10/22/2004,The Grudge,10000000,110359362,187281115
402,8/26/2016,Donât Breathe,10000000,89217875,159047649
403,6/26/1981,Stripes,10000000,85300000,85300000
404,10/27/2006,Saw III,10000000,80238724,163876815
405,7/1/2016,The Purge: Election Year,10000000,79042440,118557124
406,8/25/2000,Bring it On,10000000,68353550,90453550
407,5/18/2018,Book Club,10000000,67905549,78929603
408,1/29/1999,She's All That,10000000,63465522,63465522
409,10/26/2007,Saw IV,10000000,63300095,135759694
410,2/24/2006,Madea's Family Reunion,10000000,63257940,63320521
411,1/7/2005,White Noise,10000000,56094360,92094360
412,10/17/1986,The Color of Money,10000000,52293000,52293000
413,6/5/2015,Insidious Chapter 3,10000000,52218558,120678444
414,10/2/1992,The Mighty Ducks,10000000,50752337,50752337
415,11/3/2017,Lady Bird,10000000,48958273,77016151
416,11/6/2009,Precious (Based on the Novel Push by Sapphire),10000000,47566524,68722848
417,5/4/2012,The Best Exotic Marigold Hotel,10000000,46383639,134639780
418,6/8/2018,Hereditary,10000000,43106695,66839326
419,3/16/2018,"Love, Simon",10000000,40826341,65526341
420,2/17/1989,Bill & Ted's Excellent Adventure,10000000,40485039,40485039
421,10/4/1962,The Longest Day,10000000,39100000,50100000
422,2/16/1996,Happy Gilmore,10000000,38623460,41004412
423,10/27/2017,Jigsaw,10000000,38052832,102630330
424,8/31/2001,Jeepers Creepers,10000000,37904175,58939035
425,6/28/1985,St. Elmoâs Fire,10000000,37800000,37800000
426,12/11/1968,Oliver!,10000000,37402877,37402877
427,2/16/2001,Recess: School's Out,10000000,36696761,44451470
428,7/10/1985,Mad Max Beyond Thunderdome,10000000,36230219,36230219
429,11/3/1977,Peteâs Dragon,10000000,36000000,36000000
430,1/22/2016,The Boy,10000000,35819556,68220952
431,10/4/1985,Commando,10000000,35073978,35073978
432,5/19/2017,"Everything, Everything",10000000,34121140,61621140
433,9/17/2010,Devil,10000000,33679655,63354114
434,11/22/2002,Friday After Next,10000000,33253609,33526835
435,3/6/2015,The Second Best Exotic Marigold Hotel,10000000,33078266,90384306
436,3/22/1985,The Last Dragon,10000000,33000000,33000000
437,4/28/2017,How to Be a Latin Lover,10000000,32149404,62556228
438,3/6/1992,The Lawnmower Man,10000000,32100816,32100816
439,10/3/2008,Nick and Norah's Infinite Playlist,10000000,31487293,33886017
440,12/19/2003,Calendar Girls,10000000,31011616,93074616
441,11/12/1999,Dogma,10000000,30651422,43948865
442,9/20/2002,The Banger Sisters,10000000,30306281,38067218
443,12/8/2000,Snatch,10000000,30093107,83593107
444,5/19/1989,Road House,10000000,30050028,30050028
445,9/9/2016,When the Bough Breaks,10000000,29747603,30768449
446,6/24/1983,Twilight Zone: The Movie,10000000,29500000,29500000
447,11/23/1994,A Low Down Dirty Shame,10000000,29317886,29317886
448,8/30/2013,One Direction: This is Us,10000000,28873374,68541786
449,9/6/2002,Swimfan,10000000,28564995,34084228
450,10/6/2006,Employee of the Month,10000000,28444855,38364855
451,8/21/2015,Sinister 2,10000000,27740955,54104225
452,1/8/2016,The Forest,10000000,26594261,40579218
453,11/6/2009,The Fourth Kind,10000000,26218170,49486874
454,3/25/1983,The Outsiders,10000000,25697647,25697647
455,6/12/1998,Can't Hardly Wait,10000000,25358996,25358996
456,8/17/2012,Sparkle,10000000,24397469,24660323
457,10/14/2016,Kevin Hart: What Now?,10000000,23591043,23591043
458,4/26/2013,Mud,10000000,21590086,31556959
459,11/12/2010,Skyline,10000000,21416355,68264973
460,9/16/2016,Blair Witch,10000000,20777061,37493221
461,10/21/1983,The Dead Zone,10000000,20766000,20766000
462,2/2/2001,Valentine,10000000,20384136,20384136
463,6/9/2006,A Prairie Home Companion,10000000,20342852,26716191
464,2/23/2007,Reno 911!: Miami,10000000,20342161,21851362
465,7/24/1998,Jane Austen's Mafia,10000000,19843795,30143795
466,10/23/2015,Paranormal Activity: The Ghost Dimension,10000000,18297124,78096553
467,2/25/1994,Sugar Hill,10000000,18272447,18423914
468,6/20/2008,Kit Kittredge: An American Girl,10000000,17657973,17657973
469,9/27/1985,Invasion U.S.A.,10000000,17536256,17536256
470,9/23/2005,Roll Bounce,10000000,17380866,17433072
471,12/11/1998,Rushmore,10000000,17105219,19080435
472,1/19/1990,Tremors,10000000,16667084,16667084
473,6/17/2005,The Perfect Man,10000000,16535005,19535005
474,8/3/1990,Mo' Better Blues,10000000,16153000,16153000
475,1/25/2002,Kung Pow: Enter the Fist,10000000,16033556,17033556
476,10/7/2016,The Birth of a Nation,10000000,15861566,16847879
477,5/30/2003,Wrong Turn,10000000,15417771,28649556
478,5/16/1980,The Long Riders,10000000,15198912,15198912
479,3/12/1999,The Corruptor,10000000,15164492,15164492
480,8/14/2009,"The Goods: Live Hard, Sell Hard",10000000,15122676,15297318
481,11/23/2011,My Week with Marilyn,10000000,14597405,34240572
482,12/25/2014,Big Eyes,10000000,14482031,27317872
483,8/5/2005,Broken Flowers,10000000,13744960,40744960
484,6/28/2002,Hey Arnold! The Movie,10000000,13684949,13684949
485,12/30/2005,The Matador,10000000,12589255,17300838
486,3/14/1997,Love Jones,10000000,12554569,12554569
487,12/19/2000,The Gift,10000000,12008642,44567606
488,1/20/2006,End of the Spear,10000000,11748661,11924041
489,3/9/2001,Get Over It,10000000,11560259,19860259
490,10/20/2000,The Legend of Drunken Master,10000000,11546543,11546543
491,2/19/1999,Office Space,10000000,10827813,12179708
492,7/23/1999,Drop Dead Gorgeous,10000000,10571408,10571408
493,4/3/1998,The Spanish Prisoner,10000000,10162034,13835130
494,6/11/1999,Le Violon rouge,10000000,10019109,10019109
495,11/25/1998,Very Bad Things,10000000,9949470,21094974
496,7/9/2004,Sleepover,10000000,9408183,9408183
497,1/25/2013,Movie 43,10000000,8840453,31164747
498,10/26/1984,Body Double,10000000,8801940,8801940
499,5/21/2010,MacGruber,10000000,8525600,8629895
500,7/18/2003,Dirty Pretty Things,10000000,8112414,14156753
501,3/14/2014,Bad Words,10000000,7779614,7843145
502,3/27/2015,While We're Young,10000000,7582065,13423176
503,2/1/2008,Over Her Dead Body,10000000,7570127,21596074
504,10/24/2001,Bones,10000000,7316658,8378853
505,6/22/2012,Seeking a Friend for the End of the World,10000000,7078738,11766959
506,12/1/2006,Turistas,10000000,7027762,14321070
507,11/11/2016,Shut In,10000000,6900335,11361962
508,2/11/2011,Cedar Rapids,10000000,6861102,7862131
509,11/30/2012,The Collection,10000000,6810754,8890094
510,10/30/1998,American History X,10000000,6719864,6719864
511,1/16/2004,Teacher's Pet: The Movie,10000000,6491969,6491969
512,10/15/1999,The Straight Story,10000000,6197866,6197866
513,5/3/2002,Deuces Wild,10000000,6044618,6244618
514,3/28/2008,"Run, Fatboy, Run",10000000,6003262,33512260
515,12/18/1981,Heartbeeps,10000000,6000000,6000000
516,3/20/2015,Danny Collins,10000000,5637066,7501132
517,7/4/2007,Rescue Dawn,10000000,5490423,7037886
518,4/5/2000,Black and White,10000000,5241315,5241315
519,6/18/2010,Io sono lâamore,10000000,5005465,15132211
520,10/26/2001,On the Line,10000000,4365455,4690802
521,6/15/2018,Gotti,10000000,4286367,4286367
522,3/16/2012,"Jeff, Who Lives at Home",10000000,4269426,4708127
523,3/30/2016,Everybody Wants Some,10000000,3400278,5437126
524,10/4/1996,Crash,10000000,3357324,3357324
525,10/12/2012,Atlas Shrugged: Part II,10000000,3336053,3336053
526,2/4/1994,Romeo Is Bleeding,10000000,3275585,3275585
527,10/8/1999,The Limey,10000000,3193102,6030047
528,11/14/2014,Rosewater,10000000,3128941,3168858
529,12/22/2000,The House of Mirth,10000000,3041803,5149131
530,5/1/1987,Malone,10000000,3000000,3000000
531,6/2/2006,Peaceful Warrior,10000000,2893666,3260179
532,9/9/2011,Bucky Larson: Born to Be a Star,10000000,2529395,2529395
533,10/6/2000,Bamboozled,10000000,2185266,2373937
534,2/11/1981,Sphinx,10000000,2000000,11400000
535,5/3/2013,The Iceman,10000000,1930282,3623609
536,4/21/2017,Free Fire,10000000,1799322,3793739
537,6/24/2011,A Better Life,10000000,1759252,1884251
538,2/28/2003,Spider,10000000,1641788,1641788
539,2/4/2000,Gun Shy,10000000,1638202,1638202
540,12/27/2002,Nicholas Nickleby,10000000,1562800,1562800
541,4/16/2010,The Joneses,10000000,1475746,3541565
542,6/23/2006,Krrish,10000000,1430721,32430721
543,7/27/2012,Killer Joe,10000000,1291645,4659110
544,8/11/2000,Cecil B. Demented,10000000,1276984,1953882
545,3/21/2014,50 to 1,10000000,1069454,1069454
546,5/2/2003,Owning Mahowny,10000000,1011054,1011054
547,10/19/2007,The Ten Commandments,10000000,952820,1051907
548,9/7/2007,The Brothers Solomon,10000000,900926,900926
549,4/4/2008,My Blueberry Nights,10000000,866778,22198996
550,8/6/1999,Illuminata,10000000,836641,836641
551,1/20/2012,Coriolanus,10000000,749641,1049641
552,10/4/2013,Parkland,10000000,641439,1616353
553,10/11/2002,Swept Away,10000000,598645,598645
554,5/23/2008,"War, Inc.",10000000,580862,1299855
555,4/2/2004,Shaolin Soccer,10000000,488872,42776032
556,8/27/2004,The Brown Bunny,10000000,366301,630427
557,9/14/2007,King of California,10000000,268461,1165102
558,10/24/1997,Rien ne va plus,10000000,245359,5045359
559,8/14/1998,La femme de chambre du Titanic,10000000,244465,244465
560,12/17/2004,Imaginary Heroes,10000000,228524,290875
561,10/26/2001,High Heels and Low Lifes,10000000,226792,226792
562,8/21/2009,World's Greatest Dad,10000000,221805,295750
563,5/3/2013,"Cinco de Mayo, La Batalla",10000000,173472,173472
564,10/29/2010,Welcome to the Rileys,10000000,152857,355919
565,9/9/2016,Kicks,10000000,150191,150191
566,10/9/2009,Free Style,10000000,141108,721108
567,5/18/2007,Severance,10000000,137221,5950002
568,7/14/2006,Edmond,10000000,131719,241719
569,4/23/2010,Joheunnom nabbeunnom isanghannom,10000000,128486,42226657
570,8/26/1994,Police Academy 7: Mission to Moscow,10000000,126247,126247
571,2/19/2010,Blood Done Sign My Name,10000000,109383,109383
572,2/19/2010,The Good Guy,10000000,100688,106466
573,10/23/2009,Motherhood,10000000,93388,723388
574,10/15/2004,Eulogy,10000000,70527,70527
575,11/7/2014,Elsa & Fred,10000000,67657,109144
576,2/27/1998,An Alan Smithee Film: Burn Hollywood Burn,10000000,45779,45779
577,8/28/2009,The Open Road,10000000,19716,19716
578,7/10/2015,Strangerland,10000000,17472,161097
579,3/13/2015,Hross i oss,10000000,11894,11894
580,10/16/2009,Janky Promoters,10000000,9069,9069
581,12/21/2007,Blonde Ambition,10000000,6422,1537479
582,8/6/2010,The Oxford Murders,10000000,4803,17704131
583,12/26/2014,Barbecue,10000000,388,173613
584,12/31/2010,The Reef,10000000,0,15037867
585,1/8/2008,White Noise 2: The Light,10000000,0,8243567
586,10/8/2010,It's a Wonderful Afterlife,10000000,0,1642939
587,6/21/2011,You Got Served: Beat The World,10000000,0,1230542
588,8/21/2009,Fifty Dead Men Walking,10000000,0,997921
589,9/26/2014,Plastic,10000000,0,552641
590,3/10/2015,Jungle Shuffle,10000000,0,314073
591,9/22/2009,Adam Resurrected,10000000,0,90909
592,5/26/2009,The Devil's Tomb,10000000,0,0
593,12/31/2009,Good Intentions,10000000,0,0
594,2/2/2007,Partition,10000000,0,0
595,4/13/2012,Detention,10000000,0,0
596,2/7/2014,Nurse 3D,10000000,0,0
597,5/19/2015,Into the Grizzly Maze,10000000,0,0
598,7/21/2015,American Heist,10000000,0,0
599,4/30/2010,Gunless,9900000,458054,458054
600,4/3/2009,Adventureland,9800000,16044025,17553055
601,12/19/2012,Amour,9700000,6738954,36787044
602,4/28/2006,The Lost City,9600000,2484186,5256839
603,1/12/2000,Next Friday,9500000,57176582,59675307
604,6/13/1967,You Only Live Twice,9500000,43100000,111600000
605,6/10/1988,Poltergeist III,9500000,14114000,14114000
606,3/19/2010,The Runaways,9500000,3573673,5278632
607,10/30/2009,Gentlemen Broncos,9500000,115155,119955
608,12/31/2013,Re-Kill,9500000,0,0
609,11/7/1963,It's a Mad Mad Mad Mad World,9400000,46300000,60000000
610,11/3/2006,Volver,9400000,12899867,87226613
611,11/11/2011,Melancholia,9400000,3030848,21817298
612,8/7/1981,Heavy Metal,9300000,19571091,19571091
613,11/13/2012,Jab Tak Hai Jaan,9200000,3047539,5806666
614,12/29/1995,Richard III,9200000,2684904,4199334
615,5/21/2010,Kites,9200000,1685269,17155193
616,12/31/2011,Red Dog,9100000,0,20927794
617,12/31/2010,Mine Vaganti,9100000,0,18872126
618,5/25/1979,Alien,9000000,80930630,203630630
619,10/17/2003,The Texas Chainsaw Massacre,9000000,80571655,107967319
620,1/1/1971,Fiddler on the Roof,9000000,80500000,80500000
621,7/18/2014,The Purge: Anarchy,9000000,71562550,111534881
622,12/29/1965,Thunderball,9000000,63600000,141200000
623,5/30/2008,The Strangers,9000000,52597610,83051676
624,11/6/1996,Set It Off,9000000,36049108,36049108
625,10/21/2016,Ouija: Origin of Evil,9000000,35144505,81831866
626,10/22/1999,The Best Man,9000000,34102780,34572780
627,11/9/1988,Child's Play,9000000,33244684,44196684
628,6/22/2007,Sicko,9000000,24538513,36535837
629,1/30/2015,Black or White,9000000,21571189,21571189
630,1/21/2000,Down to You,9000000,20035310,20035310
631,7/30/2004,Harold & Kumar Go to White Castle,9000000,18225165,18225165
632,10/13/2000,The Contender,9000000,17804273,17804273
633,2/18/2000,Boiler Room,9000000,16963963,28773637
634,12/5/2006,Black Christmas,9000000,16235738,16235738
635,11/18/2016,The Edge of Seventeen,9000000,14431633,18802255
636,12/2/2016,Jackie,9000000,13960394,29158438
637,3/16/1984,The Ice Pirates,9000000,13075390,13075390
638,5/14/2004,Breakin' All the Rules,9000000,12232382,12512317
639,8/12/2011,Glee: The 3D Concert Movie,9000000,11862398,17462398
640,11/8/1989,Henry V,9000000,10161099,10176701
641,11/4/2016,Loving,9000000,7710234,12898064
642,11/28/2007,The Savages,9000000,6623082,10642023
643,4/16/2003,Chasing Papi,9000000,6126237,12657377
644,9/8/2000,The Way of the Gun,9000000,6047856,13061935
645,8/22/2008,Hamlet 2,9000000,4886216,4934104
646,9/13/2002,Igby Goes Down,9000000,4777465,4777465
647,4/29/1994,PCU,9000000,4333569,4333569
648,3/9/2007,The Ultimate Gift,9000000,3438735,3438735
649,9/29/2000,Beautiful,9000000,3134509,3134509
650,6/1/2007,Gracie,9000000,2956339,3922043
651,8/26/2016,Greater,9000000,2000093,2000093
652,8/18/2006,Trust the Man,9000000,1530535,2548378
653,8/26/2005,Undiscovered,9000000,1069318,1069318
654,11/6/1998,Velvet Goldmine,9000000,1053788,4313644
655,5/14/2010,Princess Kaiulani,9000000,883887,883887
656,6/20/2003,The Legend of Suriyothai,9000000,454255,454255
657,10/25/1991,Due occhi diabolici,9000000,349618,349618
658,5/6/2016,Dheepan,9000000,248795,7714549
659,1/22/2010,La fille du RER,9000000,208163,208163
660,10/25/2002,All or Nothing,9000000,184255,184255
661,2/5/2010,The Red Riding Trilogy: 1974,9000000,148826,148826
662,7/31/2009,Flammen og Citronen,9000000,148089,1635241
663,4/2/2010,Leaves of Grass,9000000,70066,85527
664,11/22/2006,Opal Dream,9000000,14443,14443
665,5/8/2015,Skin Trade,9000000,1242,1242
666,6/17/2014,Beneath Hill 60,9000000,0,3440939
667,1/20/2015,Veronika Decides to Die,9000000,0,2243
668,10/10/1968,Barbarella,9000000,0,0
669,2/1/2013,A Haunting in Connecticut 2: The Ghosts of Georgia,9000000,0,0
670,5/18/2012,Polisse,8900000,176988,22744132
671,11/13/2015,Heist,8900000,50136,3324184
672,2/26/2011,Ultramarines,8900000,0,0
673,9/26/1986,Crocodile Dundee,8800000,174803506,328203506
674,12/31/2004,The I Inside,8800000,0,0
675,11/30/2007,Awake,8600000,14373825,32968648
676,11/18/2016,Manchester by the Sea,8500000,47695371,77761947
677,12/16/2009,Crazy Heart,8500000,39471742,47417251
678,8/15/2008,Star Wars: The Clone Wars,8500000,35161554,68695443
679,2/20/2015,The DUFF,8500000,34030343,43528634
680,10/31/2014,Nightcrawler,8500000,32381218,50334418
681,7/31/1987,The Lost Boys,8500000,32222567,32222567
682,11/7/1979,The Rose,8500000,29200000,29200000
683,9/27/2013,Baggage Claim,8500000,21569509,22885836
684,10/7/2016,Middle School: The Worst Years of My Life,8500000,20007149,23311425
685,3/1/1991,Haakon Haakonsen,8500000,15024232,15024232
686,4/23/1999,Election,8500000,14943582,17202854
687,3/9/2007,The Namesake,8500000,13610521,20288774
688,10/18/2013,All is Lost,8500000,6263670,10386814
689,2/27/2004,Club Dread,8500000,5001655,7573551
690,9/17/2009,Bright Star,8500000,4444637,17220091
691,9/21/2001,Glitter,8500000,4273372,4273372
692,6/13/2014,The Rover,8500000,1109199,3180252
693,4/23/2004,Silmido,8500000,298347,30298347
694,11/7/2008,Repo! The Genetic Opera,8500000,140244,198883
695,12/31/2017,ÐÐÐ¡ÐÐÐÐÐÐ ÐÐÐÐÐ¢Ð«Ð Ð¬,8500000,0,30618274
696,11/1/2016,A.C.O.R.N.S.: Operation Crackdown,8500000,0,1354154
697,2/12/2010,My Name is Khan,8470000,4046336,42355526
698,3/23/2007,Namastey London,8400000,1207007,6831069
699,5/31/2013,Yeh Jawaani Hai Deewani,8300000,3827466,50827466
700,6/4/1999,Limbo,8300000,2160710,2598224
701,3/16/2007,The Wind That Shakes the Barley,8300000,1829142,25670174
702,4/16/2010,The City of Your Final Destination,8300000,493296,1353296
703,11/24/2006,Kurtlar vadisi - Irak,8300000,0,24906717
704,2/23/1951,Quo Vadis?,8250000,30000000,30027366
705,3/2/1965,The Sound of Music,8200000,163214286,286214286
706,2/17/1984,Footloose,8200000,80000000,80000000
707,10/14/1994,Pulp Fiction,8000000,107928762,212928762
708,6/22/1984,The Karate Kid,8000000,90815558,90815558
709,6/22/1979,The Muppet Movie,8000000,76657000,76657000
710,3/9/1984,Splash,8000000,62599495,62599495
711,7/26/2006,Little Miss Sunshine,8000000,59891098,100642353
712,9/17/2010,Easy A,8000000,58401464,76200721
713,8/8/1986,Stand by Me,8000000,52287414,52287414
714,6/27/2003,28 Days Laterâ¦,8000000,45064915,82955633
715,6/22/1979,Escape from Alcatraz,8000000,43000000,43000000
716,1/30/2004,You Got Served,8000000,40066497,50811858
717,9/30/2011,50/50,8000000,35016118,41334735
718,4/3/1996,A Thin Line Between Love & Hate,8000000,34873513,34873513
719,10/11/2002,Brown Sugar,8000000,27362712,28315272
720,3/13/1992,Howards End,8000000,26124872,26317943
721,1/31/2014,That Awkward Moment,8000000,26068955,53068955
722,3/21/2008,Shutter,8000000,25928550,47782426
723,12/25/1981,Modern Problems,8000000,24474312,24474312
724,12/18/1969,On Her Majesty's Secret Service,8000000,22800000,82000000
725,5/7/1993,Much Ado About Nothing,8000000,22549338,22549338
726,4/10/1992,The Player,8000000,21706101,28876702
727,11/10/1982,Creepshow,8000000,20036244,20036244
728,4/28/2006,Akeelah and the Bee,8000000,18848430,18959424
729,10/14/1994,Wes Craven's New Nightmare,8000000,18090181,18090181
730,10/1/1999,Drive Me Crazy,8000000,17843379,22591451
731,9/18/2013,Enough Said,8000000,17550872,25621449
732,1/16/1998,Half Baked,8000000,17394881,17394881
733,1/30/2009,New in Town,8000000,16734283,29937909
734,6/27/2014,Begin Again,8000000,16170632,68838736
735,4/14/2000,American Psycho,8000000,15070285,34270285
736,5/19/2006,See No Evil,8000000,15032800,18828036
737,8/7/2002,The Good Girl,8000000,14018296,16585503
738,8/4/2006,"Bon Cop, Bad Cop",8000000,12671300,12740705
739,10/30/2009,The Boondock Saints 2: All Saints Day,8000000,10273187,10629320
740,4/29/2011,Prom,8000000,10130219,10763183
741,4/22/1994,The Inkwell,8000000,8864699,8864699
742,12/29/2000,Shadow of the Vampire,8000000,8279017,8279017
743,6/12/2015,Me and Earl and the Dying Girl,8000000,6758416,9266180
744,10/8/2010,It's Kind of a Funny Story,8000000,6363628,6632950
745,5/3/1996,The Pallbearer,8000000,5656388,5656388
746,9/22/2000,Woman on Top,8000000,5018450,10192613
747,5/12/2000,Held Up,8000000,4714090,4714090
748,9/2/2016,Morgan,8000000,3915251,7298786
749,12/30/2015,Anomalisa,8000000,3759286,5538273
750,12/23/2005,CachÃ©,8000000,3647381,19891331
751,12/29/2010,Another Year,8000000,3205706,20005613
752,9/20/2002,8 femmes,8000000,3076425,42376425
753,1/1/1991,Showdown in Little Tokyo,8000000,2275557,2275557
754,9/25/1998,Clay Pigeons,8000000,1793359,2256606
755,11/19/2010,Made in Dagenham,8000000,1095369,15644196
756,6/6/2008,And When Did You Last See Your Father?,8000000,1071240,2476491
757,3/5/2010,The Secret of Kells,8000000,690290,3582797
758,1/24/1997,Prefontaine,8000000,590817,590817
759,10/28/1983,The Wicked Lady,8000000,589308,589308
760,5/5/2006,Down in the Valley,8000000,568932,973443
761,5/11/2007,Brooklyn Rules,8000000,458232,458232
762,10/24/2003,The Singing Detective,8000000,336456,524747
763,6/15/2007,Fido,8000000,298110,456814
764,9/16/2011,Restless,8000000,163753,2772511
765,6/12/1998,The Land Girls,8000000,146083,146083
766,5/18/2007,The Wendell Baker Story,8000000,127188,127188
767,10/29/2010,Wild Target,8000000,109338,5314194
768,4/18/2008,Pathology,8000000,109045,3270974
769,10/5/2012,Wuthering Heights,8000000,100915,2721534
770,11/18/2016,A Street Cat Named Bob,8000000,82703,8380561
771,8/18/2006,10th & Wolf,8000000,54702,143782
772,5/22/2015,Aloft,8000000,53086,53086
773,10/14/2011,Fireflies in the Garden,8000000,36884,3587191
774,9/23/2005,Dear Wendy,8000000,23106,446438
775,4/27/2001,Akira,8000000,19585,19585
776,12/31/2005,Welcome to Dongmakgol,8000000,0,48000000
777,9/20/2013,Feichang Xingyun,8000000,0,21970000
778,9/29/2017,"Don Gato, el inicio de la pandilla",8000000,0,4598934
779,9/4/2007,The Death and Life of Bobby Z,8000000,0,414617
780,4/24/2018,Backstabbing For Beginners,8000000,0,75858
781,8/12/2014,Swelter,8000000,0,44197
782,11/30/2007,Maurice Richard,8000000,0,0
783,2/24/2015,Green Street Hooligans: Underground,8000000,0,0
784,12/31/2009,Chirstmas in Beverly Hills,8000000,0,0
785,12/31/2015,Henry Joseph Church,8000000,0,0
786,5/6/2016,Code of Honor,8000000,0,0
787,1/27/2006,Imagine Me & You,7900000,672243,3129471
788,7/4/2003,Swimming Pool,7800000,10130108,24021282
789,2/23/1990,The Blood of Heroes,7700000,882290,882290
790,4/14/2015,Loin des hommes,7700000,5336,1080428
791,12/13/1989,Driving Miss Daisy,7500000,106593296,106593296
792,9/26/1997,Soul Food,7500000,43492389,43492389
793,2/23/1996,Rumble in the Bronx,7500000,32281907,36238752
794,3/17/2006,Thank You For Smoking,7500000,24793509,40016662
795,6/8/2007,Hostel: Part II,7500000,17544812,33606409
796,10/9/2009,An Education,7500000,12574914,29652736
797,9/4/2009,Extract,7500000,10823158,10849158
798,12/20/2002,Narc,7500000,10465659,11843260
799,10/21/2005,Shopgirl,7500000,10284523,11758418
800,3/9/1984,The Hotel New Hampshire,7500000,5142858,5142858
801,3/8/2002,Men with Brooms,7500000,4239767,4239767
802,2/22/2008,Witless Protection,7500000,4151836,4151836
803,11/24/2004,The Work and the Glory,7500000,3347647,3347647
804,12/21/2011,Albert Nobbs,7500000,3014696,8539003
805,6/24/2016,The Neon Demon,7500000,1333124,3559803
806,7/24/2003,Masked and Anonymous,7500000,533344,555335
807,4/13/2018,Borg vs McEnroe,7500000,231346,3245481
808,9/13/2002,Betty Fisher et autres histoires,7500000,206400,206400
809,8/6/2004,Code 46,7500000,197148,1788324
810,12/31/2001,The Hole,7500000,0,10834406
811,1/9/2015,Black November,7500000,0,32572
812,2/24/2015,Outside Bet,7500000,0,13524
813,5/15/2015,Pound of Flesh,7500000,0,0
814,1/13/2017,The Bye Bye Man,7400000,22395806,27162182
815,4/27/2007,Ta Ra Rum Pum,7400000,872643,9443864
816,5/6/2005,Crash,7303082,55334418,101173038
817,12/25/2007,Persepolis,7300000,4443403,25397460
818,4/30/2010,Harry Brown,7300000,1818681,12023606
819,5/27/2011,Die Welle,7250000,0,35122948
820,12/17/1971,Diamonds Are Forever,7200000,43800000,116000000
821,10/15/1999,The Omega Code,7200000,12610552,12678312
822,9/16/2011,3,7200000,59774,295492
823,12/5/2007,Juno,7000000,143495265,231450102
824,3/15/1972,The Godfather,7000000,134966411,268500000
825,6/29/2012,Magic Mike,7000000,113721571,170549753
826,4/15/1983,Flashdance,7000000,90463574,201463574
827,3/16/2018,I Can Only Imagine,7000000,83482352,85406476
828,11/12/1993,The Piano,7000000,40157856,40168957
829,5/6/2011,Jumping the Broom,7000000,37295394,38158601
830,6/27/1973,Live and Let Die,7000000,35400000,161800000
831,1/12/2000,My Dog Skip,7000000,34099640,35795319
832,1/24/2003,Darkness Falls,7000000,32539681,47289758
833,2/14/2008,"Definitely, Maybe",7000000,32241649,55617866
834,10/7/2005,"Good Night, and Good Luck",7000000,31501218,56586901
835,9/30/2005,Capote,7000000,28750530,49924079
836,3/29/1974,The Great Gatsby,7000000,26533200,26533200
837,8/4/2006,The Descent,7000000,26024456,57051053
838,8/25/1995,Desperado,7000000,25532388,25532388
839,1/1/1976,Logan's Run,7000000,25000000,25000000
840,3/8/1996,Fargo,7000000,24567751,51204567
841,4/11/2001,Kingdom Come,7000000,23247539,23393939
842,12/20/1974,The Man with the Golden Gun,7000000,21000000,97600000
843,2/12/1988,Action Jackson,7000000,20257000,20257000
844,5/13/1983,Breathless,7000000,19910002,19910002
845,5/5/2000,Michael Jordan to the MAX,7000000,18642318,18642318
846,6/19/2015,Dope,7000000,17506470,18190831
847,7/22/2005,The Devil's Rejects,7000000,17044981,20940428
848,1/17/2014,Devil's Due,7000000,15821461,36146087
849,3/22/1996,Flirting with Disaster,7000000,14853474,16149180
850,11/14/2014,Beyond the Lights,7000000,14618727,14618727
851,7/31/1992,Buffy the Vampire Slayer,7000000,14231669,14231669
852,8/25/1999,In Too Deep,7000000,14026509,15471229
853,4/11/2003,"House of 1,000 Corpses",7000000,12634962,17005466
854,10/11/1985,Silver Bullet,7000000,10803211,10803211
855,10/10/2003,The House of the Dead,7000000,10199354,13767816
856,10/2/2009,A Serious Man,7000000,9228788,30360570
857,7/30/2010,Get Low,7000000,9176933,10828305
858,12/11/2009,A Single Man,7000000,9176000,28142379
859,1/10/1991,Warlock,7000000,8824553,8824553
860,8/12/1988,The Last Temptation of Christ,7000000,8373585,8373585
861,6/18/2010,Cyrus,7000000,7468936,10062896
862,9/1/1999,Outside Providence,7000000,7309628,7824358
863,2/11/2005,Bride & Prejudice,7000000,6601079,25269040
864,11/29/2002,Rabbit-Proof Fence,7000000,6199600,16866928
865,7/27/2007,Who's Your Caddy?,7000000,5694308,5694308
866,5/1/1992,Split Second,7000000,5430822,5430822
867,3/8/1991,Nikita,7000000,5017971,5017971
868,12/14/2001,The Other Side of Heaven,7000000,4720371,4720371
869,9/28/1990,Dark Angel,7000000,4372561,4372561
870,6/27/1986,American Anthem,7000000,3571624,3571624
871,11/12/2004,Veer-Zaara,7000000,2938532,7017859
872,5/2/2008,Redbelt,7000000,2344847,2667084
873,8/27/1999,A Dog of Flanders,7000000,2165637,2165637
874,10/18/2002,Auto Focus,7000000,2062066,2703821
875,10/21/2011,The Mighty Macs,7000000,1891936,1891936
876,12/22/2010,Somewhere,7000000,1785645,17023121
877,1/13/2012,We Need to Talk About Kevin,7000000,1738692,10765283
878,2/2/2007,Factory Girl,7000000,1661464,1661464
879,11/15/2013,The Christmas Candle,7000000,1632000,1933829
880,9/25/2009,I Hope They Serve Beer in Hell,7000000,1429299,1429453
881,4/8/1983,Losin' It,7000000,1246141,1246141
882,5/7/2010,Mother and Child,7000000,1110509,6537179
883,8/5/1977,March or Die,7000000,1000000,1000000
884,7/12/1996,Les Visiteurs,7000000,659000,98754000
885,10/2/2015,Freeheld,7000000,546201,1732228
886,4/2/2014,Dom Hemingway,7000000,523511,1857458
887,7/30/2010,The Extra Man,7000000,453377,492108
888,5/13/2011,Hesher,7000000,382946,382946
889,3/13/1998,Chairman of the Board,7000000,306715,306715
890,2/14/2003,Gerry,7000000,254683,719699
891,5/12/2006,Wah-Wah,7000000,234750,463039
892,6/13/2003,The Heart of Me,7000000,196067,196067
893,3/26/2010,Ca$h,7000000,46488,46488
894,1/30/2015,Trudno byt bogom,7000000,31443,35919
895,1/21/2000,The Boondock Saints,7000000,30471,411874
896,1/28/2014,Snezhnaya koroleva,7000000,0,15201202
897,12/6/2016,Oddball,7000000,0,10237229
898,8/18/2015,Z Storm,7000000,0,2053330
899,12/31/2015,ÐÐÐ ÐÐ,7000000,0,1391410
900,7/23/2013,Twixt,7000000,0,1268346
901,11/20/2015,Criminal Activities,7000000,0,386744
902,12/11/2007,High School Musical 2,7000000,0,0
903,12/12/2008,The Kings of Appletown,7000000,0,0
904,3/11/2008,Stargate - The Ark of Truth,7000000,0,0
905,9/1/2015,Alpha & Omega: The Legend of the Saw Tooth Cave,7000000,0,0
906,6/28/1985,Pale Rider,6900000,41410568,41410568
907,9/21/2012,House at the End of the Street,6900000,31611916,44103982
908,9/24/1993,Dazed and Confused,6900000,7950889,7950889
909,1/31/2017,Two Lovers and a Bear,6840000,0,22273
910,9/17/2010,Incendies,6800000,6857096,16038343
911,8/11/2000,AimÃ©e & Jaguar,6800000,927107,927107
912,8/5/2005,The Chumscrubber,6800000,49526,49526
913,4/9/2004,Shade,6800000,25032,9533964
914,9/10/2010,Bran Nue Dae,6750000,113568,6812530
915,9/3/2004,"Remember Me, My Love",6700000,223878,223878
916,5/21/2010,Perrierâs Bounty,6600000,828,828
917,9/19/2008,Tropa de Elite,6537890,8744,14319195
918,10/3/2014,Annabelle,6500000,84273813,256862920
919,2/1/2008,Hannah Montana/Miley Cyrus: Best of Both Worlds Concert Tour,6500000,65281781,70712099
920,7/12/1991,Boyz n the Hood,6500000,56190094,56200634
921,7/24/1987,La Bamba,6500000,54215416,54215416
922,5/22/1981,The Four Seasons,6500000,42488161,42488161
923,1/1/1980,Dressed to Kill,6500000,31899000,31899000
924,4/2/1993,The Adventures of Huck Finn,6500000,24103594,24103594
925,4/9/1999,Go!,6500000,16875273,28383441
926,4/7/2006,Friends with Money,6500000,13368437,18110152
927,1/1/1971,The Andromeda Strain,6500000,12376563,12376563
928,10/22/1999,Bats,6500000,10155691,10155691
929,3/7/2003,Nowhere in Africa,6500000,6173485,6173485
930,12/2/2011,Shame,6500000,4002293,20412841
931,5/13/2005,Layer Cake,6500000,2339957,11745931
932,5/31/2013,The East,6500000,2274649,3027956
933,10/21/2005,The Work and the Glory: American Zion,6500000,2025032,2025032
934,11/13/2009,The Messenger,6500000,1109660,1744952
935,7/23/2004,A Home at the End of the World,6500000,1029017,1033810
936,8/17/2001,Aberdeen,6500000,64148,64148
937,12/31/2011,Tracker,6500000,0,3149
938,10/26/1984,The Terminator,6400000,38019031,78019031
939,2/27/2004,"Good Bye, Lenin!",6400000,4063859,79384539
940,10/10/2007,Control,6400000,871577,8902141
941,10/9/2009,The Damned United,6400000,449865,4199874
942,2/22/2008,Die FÃ¤lscher,6250000,5488570,20199663
943,1/15/1988,Return of the Living Dead Part II,6200000,9205924,9205924
944,2/13/2009,Gomorra,6200000,1579146,37339594
945,10/20/1995,Mallrats,6100000,2108367,2108367
946,6/16/1978,Grease,6000000,181813770,387513770
947,12/19/1986,Platoon,6000000,137963328,137963328
948,6/23/2004,Fahrenheit 9/11,6000000,119114517,221148959
949,10/24/1969,Butch Cassidy and the Sundance Kid,6000000,102308900,102308900
950,8/26/1964,Mary Poppins,6000000,102300000,102300000
951,9/19/1980,Ordinary People,6000000,52302978,52302978
952,5/11/2018,Breaking In,6000000,46383120,49984637
953,10/18/1961,West Side Story,6000000,43700000,43700000
954,10/17/1956,Around the World in 80 Days,6000000,42000000,42000000
955,7/25/1980,Caddyshack,6000000,39846344,39846344
956,3/23/2001,The Brothers,6000000,27457409,27958191
957,12/17/2008,The Wrestler,6000000,26238243,46634275
958,6/30/1989,Do the Right Thing,6000000,26004026,26004026
959,7/10/1981,Escape from New York,6000000,25244700,25244700
960,7/16/1999,The Wood,6000000,25059640,25059640
961,8/16/1995,The Usual Suspects,6000000,23341568,34449356
962,8/11/1989,A Nightmare On Elm Street: The Dream Child,6000000,22168359,22168359
963,4/5/2002,National Lampoon's Van Wilder,6000000,21305259,39241323
964,12/31/1946,Duel in the Sun,6000000,20400000,20400000
965,9/27/2000,Best in Show,6000000,18621249,20695413
966,9/27/2006,The Last King of Scotland,6000000,17606684,49155371
967,4/16/2003,A Mighty Wind,6000000,17583468,18504539
968,2/12/1988,School Daze,6000000,14545844,14545844
969,8/8/2007,Daddy Day Camp,6000000,13235267,18209872
970,10/21/1988,Mystic Pizza,6000000,12793213,12793213
971,3/20/1998,Mr. Nice Guy,6000000,12716953,31716953
972,1/1/1956,War and Peace,6000000,12500000,12500000
973,4/24/1998,Sliding Doors,6000000,11911200,58809149
974,5/24/1995,Tales from the Hood,6000000,11784569,11784569
975,10/13/1989,Halloween 5: The Revenge of Michael Myers,6000000,11642254,11642254
976,9/7/2012,The Words,6000000,11494838,16369708
977,4/27/2012,Bernie,6000000,9204489,10106975
978,12/15/2000,Pollock,6000000,8596914,10557291
979,2/15/2008,Dolphins and Whales Tribes of the Ocean 3D,6000000,7714996,17252287
980,2/26/1999,200 Cigarettes,6000000,6852450,6852450
981,3/19/2010,City Island,6000000,6671283,8173486
982,3/16/2012,Casa de mi Padre,6000000,5909483,8446952
983,7/29/2011,The Guard,6000000,5359774,21197454
984,4/21/2000,The Virgin Suicides,6000000,4859475,10619770
985,8/29/2008,College,6000000,4694491,6176114
986,9/22/2006,La science des rÃªves,6000000,4670644,15137932
987,12/4/1998,Little Voice,6000000,4595000,21787233
988,3/13/2009,Miss March,6000000,4543320,4713059
989,2/5/1999,Simply Irresistible,6000000,4398989,4398989
990,7/18/2014,Wish I Was Here,6000000,3591299,6591365
991,12/21/2006,Venus,6000000,3347411,7818479
992,3/14/2014,Veronica Mars,6000000,3322127,3485383
993,8/27/1993,Only the Strong,6000000,3273588,3273588
994,7/20/2001,Hedwig and the Angry Inch,6000000,3067312,3740030
995,10/31/2003,Shattered Glass,6000000,2207975,3456602
996,7/3/2008,The Wackness,6000000,2077046,3330012
997,11/16/2001,Novocaine,6000000,2025238,2522928
998,2/6/2009,Polytechnique,6000000,1418304,1418304
999,7/15/2011,Snow Flower and the Secret Fan,6000000,1348205,11348205
