Country,Year,Top_1
Argentina,1980,
Argentina,1981,
Argentina,1982,
Argentina,1983,
Argentina,1984,
Argentina,1985,
Argentina,1986,
Argentina,1987,
Argentina,1988,
Argentina,1989,
Argentina,1990,
Argentina,1991,
Argentina,1992,
Argentina,1993,
Argentina,1994,
Argentina,1995,
Argentina,1996,
Argentina,1997,0.1238999963
Argentina,1998,0.1256999969
Argentina,1999,0.1352999955
Argentina,2000,0.1433999985
Argentina,2001,0.1290999949
Argentina,2002,0.1553000063
Argentina,2003,0.1685000062
Argentina,2004,0.1675000042
Argentina,2005,
Argentina,2006,
Argentina,2007,
Argentina,2008,
Argentina,2009,
Argentina,2010,
Argentina,2011,
Argentina,2012,
Argentina,2013,
Argentina,2014,
Argentina,2015,
Argentina,2016,
Australia,1980,0.0458000004
Australia,1981,0.0441999994
Australia,1982,0.0449000001
Australia,1983,0.0450000018
Australia,1984,0.0454999991
Australia,1985,0.0482000001
Australia,1986,0.0520000011
Australia,1987,0.0604000017
Australia,1988,0.0705000013
Australia,1989,0.0590999983
Australia,1990,0.057
Australia,1991,0.058600001
Australia,1992,0.0599000007
Australia,1993,0.0623000003
Australia,1994,0.0647
Australia,1995,0.064199999
Australia,1996,0.0645999983
Australia,1997,0.0688999966
Australia,1998,0.0705000013
Australia,1999,0.0789000019
Australia,2000,0.0820999965
Australia,2001,0.0756999999
Australia,2002,0.0793000013
Australia,2003,0.0812000036
Australia,2004,0.0842000023
Australia,2005,0.0872000009
Australia,2006,0.0951000005
Australia,2007,0.0910999998
Australia,2008,0.0807999969
Australia,2009,0.0837000012
Australia,2010,0.0855000019
Australia,2011,0.0821999982
Australia,2012,0.0851999968
Australia,2013,0.0904000029
Australia,2014,0.0898000002
Australia,2015,0.0909999982
Australia,2016,
Bahrain,1980,
Bahrain,1981,
Bahrain,1982,
Bahrain,1983,
Bahrain,1984,
Bahrain,1985,
Bahrain,1986,
Bahrain,1987,
Bahrain,1988,
Bahrain,1989,
Bahrain,1990,0.1852220595
Bahrain,1991,0.185221985
Bahrain,1992,0.1852273345
Bahrain,1993,0.1852329671
Bahrain,1994,0.1852389276
Bahrain,1995,0.1852452457
Bahrain,1996,0.1852519214
Bahrain,1997,0.1852589697
Bahrain,1998,0.1852663606
Bahrain,1999,0.1852739751
Bahrain,2000,0.1723668873
Bahrain,2001,0.1723717153
Bahrain,2002,0.1727931648
Bahrain,2003,0.1732391268
Bahrain,2004,0.1737108231
Bahrain,2005,0.1742126942
Bahrain,2006,0.1747537553
Bahrain,2007,0.1753187478
Bahrain,2008,0.1759371459
Bahrain,2009,0.1765935868
Bahrain,2010,0.1812106818
Bahrain,2011,0.1809094101
Bahrain,2012,0.1806144267
Bahrain,2013,0.1803256273
Bahrain,2014,0.1800491661
Bahrain,2015,0.1800491363
Bahrain,2016,0.1800491363
Brazil,1980,
Brazil,1981,
Brazil,1982,
Brazil,1983,
Brazil,1984,
Brazil,1985,
Brazil,1986,
Brazil,1987,
Brazil,1988,
Brazil,1989,
Brazil,1990,
Brazil,1991,
Brazil,1992,
Brazil,1993,
Brazil,1994,
Brazil,1995,
Brazil,1996,
Brazil,1997,
Brazil,1998,
Brazil,1999,
Brazil,2000,
Brazil,2001,0.2621078193
Brazil,2002,0.2741512954
Brazil,2003,0.2719913423
Brazil,2004,0.2731543481
Brazil,2005,0.2790429592
Brazil,2006,0.2822521329
Brazil,2007,0.2829338014
Brazil,2008,0.2928557396
Brazil,2009,0.2744282484
Brazil,2010,0.2819020152
Brazil,2011,0.2961478829
Brazil,2012,0.2773123085
Brazil,2013,0.2765117884
Brazil,2014,0.2752178907
Brazil,2015,0.2834923565
Brazil,2016,
Canada,1980,0.0888400003
Canada,1981,0.0854599997
Canada,1982,0.0889199972
Canada,1983,0.0876199976
Canada,1984,0.0872699991
Canada,1985,0.0887999982
Canada,1986,0.0915300027
Canada,1987,0.0988000035
Canada,1988,0.1074099988
Canada,1989,0.1190299988
Canada,1990,0.1018199995
Canada,1991,0.1028800011
Canada,1992,0.1046999991
Canada,1993,0.1128793806
Canada,1994,0.1138787419
Canada,1995,0.1089721546
Canada,1996,0.115042977
Canada,1997,0.1245833933
Canada,1998,0.1299234033
Canada,1999,0.1324736327
Canada,2000,0.1462172419
Canada,2001,0.1384549588
Canada,2002,0.1334631443
Canada,2003,0.1322860122
Canada,2004,0.1396823227
Canada,2005,0.1472896636
Canada,2006,0.1542644501
Canada,2007,0.1563159674
Canada,2008,0.1437743753
Canada,2009,0.1329844296
Canada,2010,0.1362325102
Canada,2011,
Canada,2012,
Canada,2013,
Canada,2014,
Canada,2015,
Canada,2016,
China,1980,0.0641875416
China,1981,0.0671045855
China,1982,0.0693992749
China,1983,0.071132049
China,1984,0.0745489895
China,1985,0.0800383985
China,1986,0.0796553493
China,1987,0.078705132
China,1988,0.0800209716
China,1989,0.0820573643
China,1990,0.0809592009
China,1991,0.0831794664
China,1992,0.0875099003
China,1993,0.0919518322
China,1994,0.0943841115
China,1995,0.0928906947
China,1996,0.0955081731
China,1997,0.0955219269
China,1998,0.0984110087
China,1999,0.0992660969
China,2000,0.1037262157
China,2001,0.1086816937
China,2002,0.1254931092
China,2003,0.1313174665
China,2004,0.138194114
China,2005,0.1419794858
China,2006,0.1476702243
China,2007,0.1526713073
China,2008,0.1518040448
China,2009,0.1541334093
China,2010,0.1512302607
China,2011,0.1458948404
China,2012,0.137501657
China,2013,0.1381418705
China,2014,0.1366090924
China,2015,0.1392377019
China,2016,
Colombia,1980,
Colombia,1981,
Colombia,1982,
Colombia,1983,
Colombia,1984,
Colombia,1985,
Colombia,1986,
Colombia,1987,
Colombia,1988,
Colombia,1989,
Colombia,1990,
Colombia,1991,
Colombia,1992,
Colombia,1993,0.2047886997
Colombia,1994,0.2053832561
Colombia,1995,0.2076213211
Colombia,1996,0.2129773349
Colombia,1997,0.2085102797
Colombia,1998,0.1977385432
Colombia,1999,0.1809916496
Colombia,2000,0.1731733978
Colombia,2001,0.1731353104
Colombia,2002,0.1795530319
Colombia,2003,0.1991904974
Colombia,2004,0.1780479103
Colombia,2005,0.1879939437
Colombia,2006,0.1993895322
Colombia,2007,0.2049466521
Colombia,2008,0.2025484741
Colombia,2009,0.2016527355
Colombia,2010,0.2044717073
Colombia,2011,
Colombia,2012,
Colombia,2013,
Colombia,2014,
Colombia,2015,
Colombia,2016,
Cote d’Ivoire,1980,
Cote d’Ivoire,1981,
Cote d’Ivoire,1982,
Cote d’Ivoire,1983,
Cote d’Ivoire,1984,
Cote d’Ivoire,1985,
Cote d’Ivoire,1986,
Cote d’Ivoire,1987,
Cote d’Ivoire,1988,0.2078353763
Cote d’Ivoire,1989,
Cote d’Ivoire,1990,
Cote d’Ivoire,1991,
Cote d’Ivoire,1992,
Cote d’Ivoire,1993,0.1498757601
Cote d’Ivoire,1994,
Cote d’Ivoire,1995,
Cote d’Ivoire,1996,
Cote d’Ivoire,1997,
Cote d’Ivoire,1998,0.1758098602
Cote d’Ivoire,1999,
Cote d’Ivoire,2000,
Cote d’Ivoire,2001,
Cote d’Ivoire,2002,0.2102794051
Cote d’Ivoire,2003,
Cote d’Ivoire,2004,
Cote d’Ivoire,2005,
Cote d’Ivoire,2006,
Cote d’Ivoire,2007,
Cote d’Ivoire,2008,0.1828965396
Cote d’Ivoire,2009,
Cote d’Ivoire,2010,
Cote d’Ivoire,2011,
Cote d’Ivoire,2012,
Cote d’Ivoire,2013,
Cote d’Ivoire,2014,0.1708035618
Cote d’Ivoire,2015,
Cote d’Ivoire,2016,
Croatia,1980,
Croatia,1981,
Croatia,1982,
Croatia,1983,
Croatia,1984,
Croatia,1985,
Croatia,1986,
Croatia,1987,
Croatia,1988,
Croatia,1989,
Croatia,1990,
Croatia,1991,
Croatia,1992,
Croatia,1993,
Croatia,1994,
Croatia,1995,
Croatia,1996,
Croatia,1997,0.0768505931
Croatia,1998,
Croatia,1999,0.0848250538
Croatia,2000,0.0820316002
Croatia,2001,0.0841868967
Croatia,2002,0.0826632008
Croatia,2003,0.0820586011
Croatia,2004,0.082813397
Croatia,2005,0.0825773031
Croatia,2006,0.0848357007
Croatia,2007,0.0860121027
Croatia,2008,0.0841991976
Croatia,2009,0.0839911029
Croatia,2010,0.0824166015
Croatia,2011,0.0828946978
Croatia,2012,0.0835814029
Croatia,2013,0.0839826986
Croatia,2014,
Croatia,2015,
Croatia,2016,
Czech Republic,1980,0.0258063767
Czech Republic,1981,
Czech Republic,1982,
Czech Republic,1983,
Czech Republic,1984,
Czech Republic,1985,0.0253774896
Czech Republic,1986,
Czech Republic,1987,
Czech Republic,1988,0.029902773
Czech Republic,1989,
Czech Republic,1990,
Czech Republic,1991,
Czech Republic,1992,0.0653704107
Czech Republic,1993,0.0693202466
Czech Republic,1994,0.0733454302
Czech Republic,1995,0.0774477199
Czech Republic,1996,0.0816290751
Czech Republic,1997,0.0816806182
Czech Republic,1998,0.0817308128
Czech Republic,1999,0.0817797258
Czech Republic,2000,0.0818273798
Czech Republic,2001,0.0818738192
Czech Republic,2002,0.0819191113
Czech Republic,2003,0.084492147
Czech Republic,2004,0.0891321674
Czech Republic,2005,0.0942274481
Czech Republic,2006,0.0866732523
Czech Republic,2007,0.0909796804
Czech Republic,2008,0.1133683771
Czech Republic,2009,0.1014601439
Czech Republic,2010,0.0942978784
Czech Republic,2011,0.0944147706
Czech Republic,2012,0.1020159349
Czech Republic,2013,0.0912247747
Czech Republic,2014,0.0909343287
Czech Republic,2015,0.0919668376
Czech Republic,2016,
Denmark,1980,0.0547177158
Denmark,1981,0.0537682399
Denmark,1982,0.0521372817
Denmark,1983,0.0527044721
Denmark,1984,0.0526441745
Denmark,1985,0.0521227382
Denmark,1986,0.0515063256
Denmark,1987,0.0524474122
Denmark,1988,0.0517788082
Denmark,1989,0.0523623303
Denmark,1990,0.0516990162
Denmark,1991,0.0501147434
Denmark,1992,0.050155364
Denmark,1993,0.0513122603
Denmark,1994,0.0500377528
Denmark,1995,0.0503484607
Denmark,1996,0.0511977226
Denmark,1997,0.0524412915
Denmark,1998,0.0540043451
Denmark,1999,0.0547281355
Denmark,2000,0.0573006943
Denmark,2001,0.0562413819
Denmark,2002,0.0554540716
Denmark,2003,0.0550186932
Denmark,2004,0.0556569323
Denmark,2005,0.0578119941
Denmark,2006,0.0591270141
Denmark,2007,0.0612019598
Denmark,2008,0.0605180897
Denmark,2009,0.0543752797
Denmark,2010,0.064146094
Denmark,2011,
Denmark,2012,
Denmark,2013,
Denmark,2014,
Denmark,2015,
Denmark,2016,
Egypt,1980,
Egypt,1981,
Egypt,1982,
Egypt,1983,
Egypt,1984,
Egypt,1985,
Egypt,1986,
Egypt,1987,
Egypt,1988,
Egypt,1989,
Egypt,1990,0.1948013902
Egypt,1991,0.1948013902
Egypt,1992,0.1948013902
Egypt,1993,0.1948013902
Egypt,1994,0.1948013902
Egypt,1995,0.1948013902
Egypt,1996,0.1948013902
Egypt,1997,0.1948013902
Egypt,1998,0.1948013902
Egypt,1999,0.1948013753
Egypt,2000,0.1948013902
Egypt,2001,0.1948013753
Egypt,2002,0.1799387634
Egypt,2003,0.1799387634
Egypt,2004,0.1799387485
Egypt,2005,0.1799387634
Egypt,2006,0.1857962906
Egypt,2007,0.1857962906
Egypt,2008,0.1857962757
Egypt,2009,0.1671114415
Egypt,2010,0.1671556383
Egypt,2011,0.1642104685
Egypt,2012,0.1642104834
Egypt,2013,0.1642104834
Egypt,2014,0.1913076341
Egypt,2015,0.191307649
Egypt,2016,0.191307649
Finland,1980,0.0431892201
Finland,1981,0.0396032333
Finland,1982,0.0354945101
Finland,1983,0.0348903984
Finland,1984,0.0411078297
Finland,1985,0.0402584784
Finland,1986,0.0385570116
Finland,1987,0.0502515212
Finland,1988,0.0495848358
Finland,1989,0.0470277928
Finland,1990,
Finland,1991,
Finland,1992,
Finland,1993,0.0571600012
Finland,1994,0.0566999987
Finland,1995,0.0612999983
Finland,1996,0.0593199991
Finland,1997,0.0683299974
Finland,1998,0.076229997
Finland,1999,0.0945999995
Finland,2000,0.099650003
Finland,2001,0.0885799974
Finland,2002,0.0865899995
Finland,2003,0.0875800028
Finland,2004,0.0965299979
Finland,2005,0.0759999976
Finland,2006,0.0838899985
Finland,2007,0.0825800002
Finland,2008,0.0849800035
Finland,2009,0.0745700002
Finland,2010,
Finland,2011,
Finland,2012,
Finland,2013,
Finland,2014,
Finland,2015,
Finland,2016,
France,1980,0.0817492977
France,1981,0.0821397975
France,1982,0.0751655996
France,1983,0.0733006969
France,1984,0.0746871978
France,1985,0.0773738995
France,1986,0.082470201
France,1987,0.0901914984
France,1988,0.0915504023
France,1989,0.0952000991
France,1990,0.0933156013
France,1991,0.0914717987
France,1992,0.0861617997
France,1993,0.0908591002
France,1994,0.0917858034
France,1995,0.0922586024
France,1996,0.1003340036
France,1997,0.1043780968
France,1998,0.1067387983
France,1999,0.1060158983
France,2000,0.1102560014
France,2001,0.1131867021
France,2002,0.1094869971
France,2003,0.1135222018
France,2004,0.1161718965
France,2005,0.1147103012
France,2006,0.1123552993
France,2007,0.1168607995
France,2008,0.1156987995
France,2009,0.1017547995
France,2010,0.1084370017
France,2011,0.1145292968
France,2012,0.1043196991
France,2013,0.1079455987
France,2014,0.107965298
France,2015,
France,2016,
Germany,1980,0.1064785868
Germany,1981,
Germany,1982,
Germany,1983,0.0983793437
Germany,1984,
Germany,1985,
Germany,1986,0.1021505743
Germany,1987,
Germany,1988,
Germany,1989,0.1144025698
Germany,1990,
Germany,1991,
Germany,1992,0.0948769823
Germany,1993,
Germany,1994,
Germany,1995,0.0815665126
Germany,1996,
Germany,1997,
Germany,1998,0.1182412356
Germany,1999,
Germany,2000,
Germany,2001,0.1140401065
Germany,2002,0.1105062738
Germany,2003,0.1053818688
Germany,2004,0.111033991
Germany,2005,0.129333511
Germany,2006,0.1322488189
Germany,2007,0.1403578371
Germany,2008,0.1451653838
Germany,2009,0.1317414641
Germany,2010,0.1313128322
Germany,2011,0.13113451
Germany,2012,0.1302376539
Germany,2013,0.1323438883
Germany,2014,
Germany,2015,
Germany,2016,
Hungary,1980,0.0263199992
Hungary,1981,
Hungary,1982,0.0255200006
Hungary,1983,
Hungary,1984,0.0247399993
Hungary,1985,
Hungary,1986,0.0263700001
Hungary,1987,
Hungary,1988,0.0349799991
Hungary,1989,
Hungary,1990,
Hungary,1991,
Hungary,1992,0.0650700033
Hungary,1993,0.0684600025
Hungary,1994,0.0685599968
Hungary,1995,0.0704900026
Hungary,1996,0.0775500014
Hungary,1997,0.0793699995
Hungary,1998,0.0819600001
Hungary,1999,0.0859600008
Hungary,2000,0.0896800011
Hungary,2001,0.0953899994
Hungary,2002,0.0916299969
Hungary,2003,0.0896899998
Hungary,2004,0.0880099982
Hungary,2005,0.0973299965
Hungary,2006,0.1005999967
Hungary,2007,0.1046999991
Hungary,2008,0.0963900015
Hungary,2009,
Hungary,2010,
Hungary,2011,
Hungary,2012,
Hungary,2013,
Hungary,2014,
Hungary,2015,
Hungary,2016,
India,1980,0.0733517706
India,1981,0.0669511706
India,1982,0.0611003675
India,1983,0.1031218544
India,1984,0.0888889953
India,1985,0.1045239866
India,1986,0.1080759615
India,1987,0.1032121181
India,1988,0.1111080498
India,1989,0.1102437526
India,1990,0.1045716852
India,1991,0.1016135961
India,1992,0.100050956
India,1993,0.1246909723
India,1994,0.1235810891
India,1995,0.1301126778
India,1996,0.1321267933
India,1997,0.1382676065
India,1998,0.1435961574
India,1999,0.1470239609
India,2000,0.1511836946
India,2001,0.1588525772
India,2002,0.1668246239
India,2003,0.1751028597
India,2004,0.1836893559
India,2005,0.192585215
India,2006,0.1965763718
India,2007,0.2005404383
India,2008,0.2044674456
India,2009,0.2083471268
India,2010,0.2121691108
India,2011,0.2113887221
India,2012,0.2130029351
India,2013,0.2159219086
India,2014,0.2134274244
India,2015,0.2134274244
India,2016,
Indonesia,1980,
Indonesia,1981,
Indonesia,1982,0.0717125684
Indonesia,1983,
Indonesia,1984,
Indonesia,1985,
Indonesia,1986,
Indonesia,1987,0.0799050629
Indonesia,1988,
Indonesia,1989,
Indonesia,1990,0.0805098936
Indonesia,1991,
Indonesia,1992,
Indonesia,1993,0.0910085216
Indonesia,1994,
Indonesia,1995,
Indonesia,1996,0.0968752205
Indonesia,1997,
Indonesia,1998,0.1242204979
Indonesia,1999,0.1365053058
Indonesia,2000,0.1381569952
Indonesia,2001,0.1551557034
Indonesia,2002,0.1047350019
Indonesia,2003,0.0976317376
Indonesia,2004,0.0846468285
Indonesia,2005,
Indonesia,2006,
Indonesia,2007,
Indonesia,2008,
Indonesia,2009,
Indonesia,2010,
Indonesia,2011,
Indonesia,2012,
Indonesia,2013,
Indonesia,2014,
Indonesia,2015,
Indonesia,2016,
Iran,1980,
Iran,1981,
Iran,1982,
Iran,1983,
Iran,1984,
Iran,1985,
Iran,1986,
Iran,1987,
Iran,1988,
Iran,1989,
Iran,1990,0.1801729202
Iran,1991,0.1801729351
Iran,1992,0.1801729202
Iran,1993,0.1801729351
Iran,1994,0.1801729202
Iran,1995,0.1801729202
Iran,1996,0.1801729351
Iran,1997,0.1801729351
Iran,1998,0.1801729202
Iran,1999,0.1801729202
Iran,2000,0.1801729351
Iran,2001,0.1801729351
Iran,2002,0.1801729053
Iran,2003,0.18017295
Iran,2004,0.1801729053
Iran,2005,0.1801729202
Iran,2006,0.1801728755
Iran,2007,0.1801728904
Iran,2008,0.1801729202
Iran,2009,0.1801729202
Iran,2010,0.1801729202
Iran,2011,0.1801729351
Iran,2012,0.1626455784
Iran,2013,0.1626455635
Iran,2014,0.1626455486
Iran,2015,0.1626455635
Iran,2016,0.1626455486
Iraq,1980,
Iraq,1981,
Iraq,1982,
Iraq,1983,
Iraq,1984,
Iraq,1985,
Iraq,1986,
Iraq,1987,
Iraq,1988,
Iraq,1989,
Iraq,1990,0.2202304006
Iraq,1991,0.2202304006
Iraq,1992,0.2202304006
Iraq,1993,0.2202304155
Iraq,1994,0.2202304006
Iraq,1995,0.2202304155
Iraq,1996,0.2202304155
Iraq,1997,0.2202304155
Iraq,1998,0.2202304155
Iraq,1999,0.2202304006
Iraq,2000,0.2202304155
Iraq,2001,0.2202304155
Iraq,2002,0.2202304006
Iraq,2003,0.2202304006
Iraq,2004,0.2202304155
Iraq,2005,0.2202304155
Iraq,2006,0.2202304155
Iraq,2007,0.2202304006
Iraq,2008,0.2202304155
Iraq,2009,0.2202304006
Iraq,2010,0.2202304006
Iraq,2011,0.2202304006
Iraq,2012,0.2202304006
Iraq,2013,0.2202304006
Iraq,2014,0.2202304155
Iraq,2015,0.2202304006
Iraq,2016,0.2202304006
Ireland,1980,0.0560000017
Ireland,1981,0.0535999984
Ireland,1982,0.0579000004
Ireland,1983,0.0593999997
Ireland,1984,0.0546999983
Ireland,1985,0.0527999997
Ireland,1986,0.0516999997
Ireland,1987,0.0516999997
Ireland,1988,0.0518000014
Ireland,1989,0.0537
Ireland,1990,0.0559
Ireland,1991,0.0614
Ireland,1992,0.0658999979
Ireland,1993,0.0636000037
Ireland,1994,0.0667999983
Ireland,1995,0.0703999996
Ireland,1996,0.0713
Ireland,1997,0.0766000003
Ireland,1998,0.0877000019
Ireland,1999,0.0892999992
Ireland,2000,0.0966000035
Ireland,2001,0.0935000032
Ireland,2002,0.0923999995
Ireland,2003,0.0939999968
Ireland,2004,0.0984999985
Ireland,2005,0.1045999974
Ireland,2006,0.1130999997
Ireland,2007,0.1059999987
Ireland,2008,0.0967999995
Ireland,2009,0.0962999985
Ireland,2010,0.0952999964
Ireland,2011,0.0936999992
Ireland,2012,0.0966999978
Ireland,2013,0.0979000032
Ireland,2014,0.0995000005
Ireland,2015,0.1150000021
Ireland,2016,
Italy,1980,0.0689999983
Italy,1981,0.0647
Italy,1982,0.064000003
Italy,1983,0.0634000003
Italy,1984,0.0653999969
Italy,1985,0.0680999979
Italy,1986,0.0713
Italy,1987,0.074500002
Italy,1988,0.0759999976
Italy,1989,0.0778999999
Italy,1990,0.0777999982
Italy,1991,0.0784000009
Italy,1992,0.0781000033
Italy,1993,0.0791999996
Italy,1994,0.0798999965
Italy,1995,0.08134
Italy,1996,
Italy,1997,
Italy,1998,0.0873999968
Italy,1999,0.0882000029
Italy,2000,0.0908999965
Italy,2001,0.0927999988
Italy,2002,0.0927999988
Italy,2003,0.0935999975
Italy,2004,0.0927999988
Italy,2005,0.0935000032
Italy,2006,0.0972099975
Italy,2007,0.0986099988
Italy,2008,0.0965700001
Italy,2009,0.09375
Italy,2010,
Italy,2011,
Italy,2012,
Italy,2013,
Italy,2014,
Italy,2015,
Italy,2016,
Japan,1980,0.0835800022
Japan,1981,0.0825299993
Japan,1982,0.0821899995
Japan,1983,0.0822900012
Japan,1984,0.0825000033
Japan,1985,0.083829999
Japan,1986,0.0887100026
Japan,1987,0.102959998
Japan,1988,0.1056699976
Japan,1989,0.1190100014
Japan,1990,0.1298500001
Japan,1991,0.1213599965
Japan,1992,0.0842199996
Japan,1993,0.0863900036
Japan,1994,0.0855199993
Japan,1995,0.0866900012
Japan,1996,0.0890199989
Japan,1997,0.084040001
Japan,1998,0.0847499967
Japan,1999,0.0873899981
Japan,2000,0.0905800015
Japan,2001,0.09375
Japan,2002,0.0951299965
Japan,2003,0.0979600027
Japan,2004,0.1046900004
Japan,2005,0.11039
Japan,2006,0.1131199971
Japan,2007,0.113470003
Japan,2008,0.1089600027
Japan,2009,0.1042200029
Japan,2010,0.1043900028
Japan,2011,
Japan,2012,
Japan,2013,
Japan,2014,
Japan,2015,
Japan,2016,
Jordan,1980,
Jordan,1981,
Jordan,1982,
Jordan,1983,
Jordan,1984,
Jordan,1985,
Jordan,1986,
Jordan,1987,
Jordan,1988,
Jordan,1989,
Jordan,1990,0.2027403116
Jordan,1991,0.2027403116
Jordan,1992,0.2027402967
Jordan,1993,0.2027403116
Jordan,1994,0.2027402967
Jordan,1995,0.2027402967
Jordan,1996,0.2027402967
Jordan,1997,0.2027402967
Jordan,1998,0.1456052065
Jordan,1999,0.1457668245
Jordan,2000,0.1457668245
Jordan,2001,0.1457668245
Jordan,2002,0.1457668096
Jordan,2003,0.1457668245
Jordan,2004,0.1527975649
Jordan,2005,0.15279755
Jordan,2006,0.1527975649
Jordan,2007,0.1570125818
Jordan,2008,0.1570123732
Jordan,2009,0.2195298225
Jordan,2010,0.2195298374
Jordan,2011,0.2195298225
Jordan,2012,0.1609857678
Jordan,2013,0.1609857678
Jordan,2014,0.1609857678
Jordan,2015,0.1609857678
Jordan,2016,0.1609857678
Korea,1980,0.0747052059
Korea,1981,0.0714295954
Korea,1982,0.0726628602
Korea,1983,0.0745876804
Korea,1984,0.0734835789
Korea,1985,0.0715765581
Korea,1986,
Korea,1987,
Korea,1988,
Korea,1989,
Korea,1990,
Korea,1991,
Korea,1992,
Korea,1993,
Korea,1994,
Korea,1995,0.0687622353
Korea,1996,0.0726975352
Korea,1997,0.0749290958
Korea,1998,0.0658187568
Korea,1999,0.0754505396
Korea,2000,0.0818750933
Korea,2001,0.0855483711
Korea,2002,0.0916317701
Korea,2003,0.0922174677
Korea,2004,0.0963863954
Korea,2005,0.0996331573
Korea,2006,0.1077593043
Korea,2007,0.1128318831
Korea,2008,0.1137240529
Korea,2009,0.1133281812
Korea,2010,0.1175935864
Korea,2011,0.1224612147
Korea,2012,0.1222704053
Korea,2013,
Korea,2014,
Korea,2015,
Korea,2016,
Kuwait,1980,
Kuwait,1981,
Kuwait,1982,
Kuwait,1983,
Kuwait,1984,
Kuwait,1985,
Kuwait,1986,
Kuwait,1987,
Kuwait,1988,
Kuwait,1989,
Kuwait,1990,0.2277614921
Kuwait,1991,0.2140632123
Kuwait,1992,0.2029203624
Kuwait,1993,0.1935458779
Kuwait,1994,0.1974939257
Kuwait,1995,0.201718241
Kuwait,1996,0.2042709291
Kuwait,1997,0.2040779144
Kuwait,1998,0.2047623247
Kuwait,1999,0.2012726665
Kuwait,2000,0.1968358755
Kuwait,2001,0.1972307116
Kuwait,2002,0.1981945783
Kuwait,2003,0.1995266229
Kuwait,2004,0.2032488436
Kuwait,2005,0.207122758
Kuwait,2006,0.2095124424
Kuwait,2007,0.2123063356
Kuwait,2008,0.2104968727
Kuwait,2009,0.2089121789
Kuwait,2010,0.2088148743
Kuwait,2011,0.196431309
Kuwait,2012,0.1974136382
Kuwait,2013,0.1982274204
Kuwait,2014,0.1985735893
Kuwait,2015,0.1993261278
Kuwait,2016,0.1993261129
Lebanon,1980,
Lebanon,1981,
Lebanon,1982,
Lebanon,1983,
Lebanon,1984,
Lebanon,1985,
Lebanon,1986,
Lebanon,1987,
Lebanon,1988,
Lebanon,1989,
Lebanon,1990,0.2156803757
Lebanon,1991,0.2156803608
Lebanon,1992,0.2156803608
Lebanon,1993,0.2156803906
Lebanon,1994,0.2156803757
Lebanon,1995,0.2156803757
Lebanon,1996,0.2156803757
Lebanon,1997,0.2156803608
Lebanon,1998,0.2156803906
Lebanon,1999,0.2156803459
Lebanon,2000,0.2156803757
Lebanon,2001,0.2156803757
Lebanon,2002,0.2156803459
Lebanon,2003,0.2156803459
Lebanon,2004,0.2156803608
Lebanon,2005,0.2156803757
Lebanon,2006,0.213116914
Lebanon,2007,0.2359281033
Lebanon,2008,0.2369366735
Lebanon,2009,0.2314533889
Lebanon,2010,0.2326063961
Lebanon,2011,0.2348811924
Lebanon,2012,0.2350261062
Lebanon,2013,0.2331542969
Lebanon,2014,0.2339945883
Lebanon,2015,0.2339945734
Lebanon,2016,0.2335719764
Malaysia,1980,
Malaysia,1981,
Malaysia,1982,
Malaysia,1983,0.078702122
Malaysia,1984,0.0835080966
Malaysia,1985,0.0907925889
Malaysia,1986,0.0965756848
Malaysia,1987,
Malaysia,1988,0.0790274888
Malaysia,1989,
Malaysia,1990,
Malaysia,1991,
Malaysia,1992,
Malaysia,1993,0.091885291
Malaysia,1994,0.0897429362
Malaysia,1995,0.088835679
Malaysia,1996,
Malaysia,1997,
Malaysia,1998,
Malaysia,1999,
Malaysia,2000,0.0818477347
Malaysia,2001,0.0795741901
Malaysia,2002,0.089324519
Malaysia,2003,0.0948181078
Malaysia,2004,
Malaysia,2005,0.0945494622
Malaysia,2006,
Malaysia,2007,
Malaysia,2008,
Malaysia,2009,0.0941300467
Malaysia,2010,0.0942526832
Malaysia,2011,0.0894851536
Malaysia,2012,0.0911032706
Malaysia,2013,
Malaysia,2014,
Malaysia,2015,
Malaysia,2016,
Mauritius,1980,0.0672001988
Mauritius,1981,0.0624720156
Mauritius,1982,0.0579526871
Mauritius,1983,0.0539466441
Mauritius,1984,0.0499240533
Mauritius,1985,0.0497479402
Mauritius,1986,0.049503427
Mauritius,1987,0.0491826311
Mauritius,1988,0.0423345901
Mauritius,1989,0.0475546718
Mauritius,1990,0.0493087843
Mauritius,1991,0.0501264445
Mauritius,1992,
Mauritius,1993,0.0453701168
Mauritius,1994,0.0468930416
Mauritius,1995,0.0462102741
Mauritius,1996,0.0451782458
Mauritius,1997,0.0449768566
Mauritius,1998,0.0474934913
Mauritius,1999,
Mauritius,2000,
Mauritius,2001,0.0485090762
Mauritius,2002,0.0389607772
Mauritius,2003,0.0513314903
Mauritius,2004,0.0527568981
Mauritius,2005,0.0497560129
Mauritius,2006,0.0595853776
Mauritius,2007,0.0651800856
Mauritius,2008,0.0711682439
Mauritius,2009,
Mauritius,2010,0.0703464597
Mauritius,2011,0.0708233416
Mauritius,2012,
Mauritius,2013,
Mauritius,2014,
Mauritius,2015,
Mauritius,2016,
Netherlands,1980,
Netherlands,1981,0.0584999993
Netherlands,1982,
Netherlands,1983,
Netherlands,1984,
Netherlands,1985,0.0592
Netherlands,1986,
Netherlands,1987,
Netherlands,1988,
Netherlands,1989,0.057
Netherlands,1990,0.0555999987
Netherlands,1991,0.055399999
Netherlands,1992,0.0549999997
Netherlands,1993,0.0524000004
Netherlands,1994,0.0533000007
Netherlands,1995,0.0537
Netherlands,1996,0.0538999997
Netherlands,1997,0.0546000004
Netherlands,1998,0.0529000014
Netherlands,1999,0.0538000017
Netherlands,2000,0.0561322235
Netherlands,2001,0.0664105117
Netherlands,2002,0.0654528365
Netherlands,2003,0.0635503381
Netherlands,2004,0.0665918589
Netherlands,2005,0.0680697784
Netherlands,2006,0.0684290901
Netherlands,2007,0.0756954178
Netherlands,2008,0.0676292032
Netherlands,2009,0.0643243417
Netherlands,2010,0.0644809678
Netherlands,2011,0.0633165911
Netherlands,2012,0.0633312538
Netherlands,2013,
Netherlands,2014,
Netherlands,2015,
Netherlands,2016,
New Zealand,1980,0.0565258563
New Zealand,1981,0.0550245419
New Zealand,1982,0.0548644066
New Zealand,1983,0.0568050332
New Zealand,1984,0.055996798
New Zealand,1985,0.0550965071
New Zealand,1986,0.0488094613
New Zealand,1987,0.0547798499
New Zealand,1988,0.0534615926
New Zealand,1989,0.0658715516
New Zealand,1990,0.082100682
New Zealand,1991,0.0796082243
New Zealand,1992,0.0840459913
New Zealand,1993,0.087585777
New Zealand,1994,0.0900059491
New Zealand,1995,0.0897850022
New Zealand,1996,0.0892483145
New Zealand,1997,0.0916228294
New Zealand,1998,0.1021426469
New Zealand,1999,0.1344319135
New Zealand,2000,0.0791834667
New Zealand,2001,0.0832361281
New Zealand,2002,0.0834121481
New Zealand,2003,0.0881444439
New Zealand,2004,0.0940594822
New Zealand,2005,0.0866068676
New Zealand,2006,0.0813969523
New Zealand,2007,0.0782511234
New Zealand,2008,0.0810651183
New Zealand,2009,0.0783709809
New Zealand,2010,0.0740199983
New Zealand,2011,0.0816000029
New Zealand,2012,0.0894000009
New Zealand,2013,0.0777999982
New Zealand,2014,0.0808999985
New Zealand,2015,
New Zealand,2016,
Norway,1980,0.0460293777
Norway,1981,0.044709824
Norway,1982,0.0442524292
Norway,1983,0.044161614
Norway,1984,0.0438956469
Norway,1985,0.0444969274
Norway,1986,0.0437416583
Norway,1987,0.0441478603
Norway,1988,0.0433238111
Norway,1989,0.0412726216
Norway,1990,0.0428345315
Norway,1991,0.0437348858
Norway,1992,0.053811539
Norway,1993,0.0697306991
Norway,1994,0.0742669478
Norway,1995,0.0735973492
Norway,1996,0.0796260312
Norway,1997,0.0861174837
Norway,1998,0.0799215361
Norway,1999,0.0838495195
Norway,2000,0.1031374335
Norway,2001,0.0735950321
Norway,2002,0.0961286575
Norway,2003,0.1039693132
Norway,2004,0.1162260845
Norway,2005,0.1648577303
Norway,2006,0.0785963088
Norway,2007,0.0854242593
Norway,2008,0.0770185143
Norway,2009,0.0711044371
Norway,2010,0.0774195939
Norway,2011,0.0780341402
Norway,2012,
Norway,2013,
Norway,2014,
Norway,2015,
Norway,2016,
Oman,1980,
Oman,1981,
Oman,1982,
Oman,1983,
Oman,1984,
Oman,1985,
Oman,1986,
Oman,1987,
Oman,1988,
Oman,1989,
Oman,1990,0.1767347753
Oman,1991,0.1767347604
Oman,1992,0.1767347455
Oman,1993,0.1767347753
Oman,1994,0.1767174006
Oman,1995,0.1767000109
Oman,1996,0.1766748279
Oman,1997,0.1766574532
Oman,1998,0.1766400784
Oman,1999,0.1766227633
Oman,2000,0.1766054034
Oman,2001,0.1765880436
Oman,2002,0.1765707135
Oman,2003,0.1743505895
Oman,2004,0.175899595
Oman,2005,0.1766106933
Oman,2006,0.1763117611
Oman,2007,0.1786678731
Oman,2008,0.1794558316
Oman,2009,0.1859426498
Oman,2010,0.177292496
Oman,2011,0.1873160154
Oman,2012,0.1911806017
Oman,2013,0.1932662129
Oman,2014,0.1931044757
Oman,2015,0.1935812831
Oman,2016,0.1949462742
Palestine,1980,
Palestine,1981,
Palestine,1982,
Palestine,1983,
Palestine,1984,
Palestine,1985,
Palestine,1986,
Palestine,1987,
Palestine,1988,
Palestine,1989,
Palestine,1990,0.1380239129
Palestine,1991,0.1380239129
Palestine,1992,0.1380239129
Palestine,1993,0.1380239129
Palestine,1994,0.1380239129
Palestine,1995,0.1380239129
Palestine,1996,0.1380239129
Palestine,1997,0.1403606981
Palestine,1998,0.1440864801
Palestine,1999,0.144086495
Palestine,2000,0.1440864801
Palestine,2001,0.1440864801
Palestine,2002,0.1470240355
Palestine,2003,0.1470240206
Palestine,2004,0.1470240206
Palestine,2005,0.1557892561
Palestine,2006,0.1485968232
Palestine,2007,0.1654839069
Palestine,2008,0.1441655606
Palestine,2009,0.1441650242
Palestine,2010,0.1684846729
Palestine,2011,0.1581431329
Palestine,2012,0.158143118
Palestine,2013,0.1581431329
Palestine,2014,0.1581431329
Palestine,2015,0.158143118
Palestine,2016,0.158143118
Poland,1980,
Poland,1981,
Poland,1982,
Poland,1983,0.0419956483
Poland,1984,0.0472986139
Poland,1985,0.0415440425
Poland,1986,0.0415094048
Poland,1987,0.042873688
Poland,1988,0.0413771681
Poland,1989,0.0440371856
Poland,1990,
Poland,1991,
Poland,1992,0.0763836503
Poland,1993,0.0843495205
Poland,1994,0.0989260897
Poland,1995,0.1096426919
Poland,1996,0.0940242931
Poland,1997,0.1026685089
Poland,1998,0.1103824377
Poland,1999,0.1044331864
Poland,2000,0.1044145748
Poland,2001,0.1092461795
Poland,2002,0.1116513684
Poland,2003,0.1028925478
Poland,2004,0.1198207214
Poland,2005,0.1213014498
Poland,2006,0.1316781491
Poland,2007,0.1339733899
Poland,2008,0.1307868958
Poland,2009,0.1230627075
Poland,2010,0.1195086315
Poland,2011,0.1211442202
Poland,2012,0.1220133603
Poland,2013,0.1210064292
Poland,2014,0.1285132021
Poland,2015,0.1334164143
Poland,2016,
Portugal,1980,0.0432000011
Portugal,1981,0.0397000015
Portugal,1982,0.0478999987
Portugal,1983,
Portugal,1984,
Portugal,1985,
Portugal,1986,
Portugal,1987,
Portugal,1988,
Portugal,1989,0.068400003
Portugal,1990,0.0720999986
Portugal,1991,0.0746000037
Portugal,1992,0.0758000016
Portugal,1993,0.0806000009
Portugal,1994,0.0819000006
Portugal,1995,0.0841000006
Portugal,1996,0.0844999999
Portugal,1997,0.0878000036
Portugal,1998,0.0878000036
Portugal,1999,0.0922999978
Portugal,2000,0.0908999965
Portugal,2001,0.0965000018
Portugal,2002,0.0896999985
Portugal,2003,0.0913000032
Portugal,2004,0.0961500034
Portugal,2005,0.0976699963
Portugal,2006,
Portugal,2007,
Portugal,2008,
Portugal,2009,
Portugal,2010,
Portugal,2011,
Portugal,2012,
Portugal,2013,
Portugal,2014,
Portugal,2015,
Portugal,2016,
Qatar,1980,
Qatar,1981,
Qatar,1982,
Qatar,1983,
Qatar,1984,
Qatar,1985,
Qatar,1986,
Qatar,1987,
Qatar,1988,
Qatar,1989,
Qatar,1990,0.1816474795
Qatar,1991,0.1824189425
Qatar,1992,0.1832001656
Qatar,1993,0.1839950532
Qatar,1994,0.1848176867
Qatar,1995,0.1856639385
Qatar,1996,0.1865281612
Qatar,1997,0.1874145865
Qatar,1998,0.1885511577
Qatar,1999,0.1897246838
Qatar,2000,0.1909415722
Qatar,2001,0.1922065467
Qatar,2002,0.1935185045
Qatar,2003,0.1948708445
Qatar,2004,0.196272999
Qatar,2005,0.2063433975
Qatar,2006,0.2175639272
Qatar,2007,0.2303223163
Qatar,2008,0.2451374829
Qatar,2009,0.2627229393
Qatar,2010,0.2532888651
Qatar,2011,0.2593870759
Qatar,2012,0.2660413384
Qatar,2013,0.2733375132
Qatar,2014,0.2813789248
Qatar,2015,0.2902991772
Qatar,2016,0.2902992368
Russian Federation,1980,0.0345314071
Russian Federation,1981,
Russian Federation,1982,
Russian Federation,1983,
Russian Federation,1984,
Russian Federation,1985,0.0438391864
Russian Federation,1986,
Russian Federation,1987,
Russian Federation,1988,0.0481044948
Russian Federation,1989,0.0539851263
Russian Federation,1990,0.0733565912
Russian Federation,1991,0.0839155093
Russian Federation,1992,0.1010513157
Russian Federation,1993,0.111382246
Russian Federation,1994,0.1183044016
Russian Federation,1995,0.1403401196
Russian Federation,1996,0.1583900452
Russian Federation,1997,0.1519735605
Russian Federation,1998,0.1514117867
Russian Federation,1999,0.1809533089
Russian Federation,2000,0.2068990171
Russian Federation,2001,0.245623529
Russian Federation,2002,0.2449024618
Russian Federation,2003,0.242778182
Russian Federation,2004,0.2275845557
Russian Federation,2005,0.2491419315
Russian Federation,2006,0.2542405427
Russian Federation,2007,0.269107759
Russian Federation,2008,0.2507586479
Russian Federation,2009,0.2117541879
Russian Federation,2010,0.2003115267
Russian Federation,2011,0.2147796303
Russian Federation,2012,0.1984238774
Russian Federation,2013,0.2107636631
Russian Federation,2014,0.2039302737
Russian Federation,2015,0.2023654431
Russian Federation,2016,
Saudi Arabia,1980,
Saudi Arabia,1981,
Saudi Arabia,1982,
Saudi Arabia,1983,
Saudi Arabia,1984,
Saudi Arabia,1985,
Saudi Arabia,1986,
Saudi Arabia,1987,
Saudi Arabia,1988,
Saudi Arabia,1989,
Saudi Arabia,1990,0.1970075816
Saudi Arabia,1991,0.1970075965
Saudi Arabia,1992,0.1970075816
Saudi Arabia,1993,0.1970075816
Saudi Arabia,1994,0.1970075965
Saudi Arabia,1995,0.1970075965
Saudi Arabia,1996,0.1970075816
Saudi Arabia,1997,0.1970075816
Saudi Arabia,1998,0.1970075816
Saudi Arabia,1999,0.1970075816
Saudi Arabia,2000,0.1970075965
Saudi Arabia,2001,0.1970075965
Saudi Arabia,2002,0.1970075816
Saudi Arabia,2003,0.1970075816
Saudi Arabia,2004,0.1970075965
Saudi Arabia,2005,0.1970075816
Saudi Arabia,2006,0.1970075965
Saudi Arabia,2007,0.1970075816
Saudi Arabia,2008,0.1970075816
Saudi Arabia,2009,0.1970075816
Saudi Arabia,2010,0.1970075965
Saudi Arabia,2011,0.1970075816
Saudi Arabia,2012,0.1970075816
Saudi Arabia,2013,0.1970075965
Saudi Arabia,2014,0.1970075965
Saudi Arabia,2015,0.1970075816
Saudi Arabia,2016,0.1970075816
Seychelles,1980,
Seychelles,1981,
Seychelles,1982,
Seychelles,1983,
Seychelles,1984,
Seychelles,1985,
Seychelles,1986,
Seychelles,1987,
Seychelles,1988,
Seychelles,1989,
Seychelles,1990,
Seychelles,1991,
Seychelles,1992,
Seychelles,1993,
Seychelles,1994,
Seychelles,1995,
Seychelles,1996,
Seychelles,1997,
Seychelles,1998,
Seychelles,1999,
Seychelles,2000,
Seychelles,2001,
Seychelles,2002,
Seychelles,2003,
Seychelles,2004,
Seychelles,2005,
Seychelles,2006,
Seychelles,2007,
Seychelles,2008,
Seychelles,2009,
Seychelles,2010,
Seychelles,2011,
Seychelles,2012,
Seychelles,2013,
Seychelles,2014,
Seychelles,2015,
Seychelles,2016,
Singapore,1980,0.1058814079
Singapore,1981,0.1060298309
Singapore,1982,0.107911706
Singapore,1983,0.1044692546
Singapore,1984,0.1016516909
Singapore,1985,0.1067237705
Singapore,1986,0.1026351452
Singapore,1987,0.1140905097
Singapore,1988,0.1071810648
Singapore,1989,0.1130055711
Singapore,1990,0.1122321337
Singapore,1991,0.1042998508
Singapore,1992,
Singapore,1993,0.1053111181
Singapore,1994,0.1002397388
Singapore,1995,0.0983611271
Singapore,1996,0.0998667926
Singapore,1997,0.1031218842
Singapore,1998,0.1110216156
Singapore,1999,0.1278095692
Singapore,2000,0.1326229423
Singapore,2001,0.1506715417
Singapore,2002,0.1506433785
Singapore,2003,0.142432332
Singapore,2004,0.1360050142
Singapore,2005,0.1359627843
Singapore,2006,0.142273277
Singapore,2007,0.1405740827
Singapore,2008,0.1515111625
Singapore,2009,0.1366150975
Singapore,2010,0.133937642
Singapore,2011,0.138500005
Singapore,2012,0.1357000023
Singapore,2013,0.1357477605
Singapore,2014,0.1402371079
Singapore,2015,
Singapore,2016,
Slovenia,1980,
Slovenia,1981,
Slovenia,1982,
Slovenia,1983,
Slovenia,1984,
Slovenia,1985,
Slovenia,1986,
Slovenia,1987,
Slovenia,1988,
Slovenia,1989,
Slovenia,1990,
Slovenia,1991,0.045591794
Slovenia,1992,0.0508724935
Slovenia,1993,0.0591392592
Slovenia,1994,0.060719084
Slovenia,1995,0.0649615377
Slovenia,1996,0.0682320967
Slovenia,1997,0.0684956461
Slovenia,1998,0.071796529
Slovenia,1999,0.0724144503
Slovenia,2000,0.0742237046
Slovenia,2001,0.0688079596
Slovenia,2002,0.0711031258
Slovenia,2003,0.0728664622
Slovenia,2004,0.0742776841
Slovenia,2005,0.0733832121
Slovenia,2006,0.0720248073
Slovenia,2007,0.0708508268
Slovenia,2008,0.0717928931
Slovenia,2009,0.0687925145
Slovenia,2010,0.0698225796
Slovenia,2011,0.0651272684
Slovenia,2012,0.0695209429
Slovenia,2013,
Slovenia,2014,
Slovenia,2015,
Slovenia,2016,
South Africa,1980,0.1089299992
South Africa,1981,0.1134900004
South Africa,1982,0.11998
South Africa,1983,0.1133999974
South Africa,1984,0.1129899994
South Africa,1985,0.1063999981
South Africa,1986,0.1035199985
South Africa,1987,0.0877500027
South Africa,1988,0.0988200009
South Africa,1989,
South Africa,1990,0.0985099971
South Africa,1991,0.1053600013
South Africa,1992,0.1056400016
South Africa,1993,0.1026600003
South Africa,1994,
South Africa,1995,
South Africa,1996,
South Africa,1997,
South Africa,1998,
South Africa,1999,
South Africa,2000,
South Africa,2001,
South Africa,2002,0.1661337316
South Africa,2003,0.1692063063
South Africa,2004,0.1708408147
South Africa,2005,0.1797388643
South Africa,2006,0.1900236756
South Africa,2007,0.2005635947
South Africa,2008,0.194647342
South Africa,2009,0.1828438342
South Africa,2010,0.1854127347
South Africa,2011,0.1845951378
South Africa,2012,0.1921281219
South Africa,2013,
South Africa,2014,
South Africa,2015,
South Africa,2016,
Spain,1980,
Spain,1981,0.0762799978
Spain,1982,0.0795300007
Spain,1983,0.0779199973
Spain,1984,0.0781200007
Spain,1985,0.0811899975
Spain,1986,0.0887800008
Spain,1987,0.0915199965
Spain,1988,0.0918599963
Spain,1989,0.0900999978
Spain,1990,0.088030003
Spain,1991,0.0846899971
Spain,1992,0.0842199996
Spain,1993,0.0821899995
Spain,1994,0.0827099979
Spain,1995,0.0828699991
Spain,1996,0.0828600004
Spain,1997,0.0843100026
Spain,1998,0.088440001
Spain,1999,0.0934500024
Spain,2000,0.0974899977
Spain,2001,0.0963200033
Spain,2002,0.0932200029
Spain,2003,0.0991400033
Spain,2004,0.1022799984
Spain,2005,0.1099999994
Spain,2006,0.1274099946
Spain,2007,0.1123600006
Spain,2008,0.098269999
Spain,2009,0.0929799974
Spain,2010,0.0868699998
Spain,2011,0.0903400034
Spain,2012,0.0857599974
Spain,2013,
Spain,2014,
Spain,2015,
Spain,2016,
Sweden,1980,0.0412999988
Sweden,1981,0.0406999998
Sweden,1982,0.0408000015
Sweden,1983,0.0445000008
Sweden,1984,0.0436000004
Sweden,1985,0.0458999984
Sweden,1986,0.0449000001
Sweden,1987,0.0472999997
Sweden,1988,0.0507999994
Sweden,1989,0.0544999987
Sweden,1990,0.0520000011
Sweden,1991,0.0694999993
Sweden,1992,0.0584000014
Sweden,1993,0.0593000017
Sweden,1994,0.071800001
Sweden,1995,0.0599999987
Sweden,1996,0.0698999986
Sweden,1997,0.0760999992
Sweden,1998,0.0816999972
Sweden,1999,0.0930000022
Sweden,2000,0.1111999974
Sweden,2001,0.0861999989
Sweden,2002,0.0759000033
Sweden,2003,0.0762000009
Sweden,2004,0.0786999986
Sweden,2005,0.0899000019
Sweden,2006,0.0952999964
Sweden,2007,0.0994660035
Sweden,2008,0.0898955911
Sweden,2009,0.0841263682
Sweden,2010,0.0898375213
Sweden,2011,0.090085268
Sweden,2012,0.0866736695
Sweden,2013,0.087267451
Sweden,2014,
Sweden,2015,
Sweden,2016,
Switzerland,1980,
Switzerland,1981,0.0838600025
Switzerland,1982,
Switzerland,1983,0.0905100033
Switzerland,1984,
Switzerland,1985,0.0907000005
Switzerland,1986,
Switzerland,1987,0.0921799988
Switzerland,1988,
Switzerland,1989,0.0860100016
Switzerland,1990,
Switzerland,1991,0.084830001
Switzerland,1992,
Switzerland,1993,0.0802600011
Switzerland,1994,
Switzerland,1995,0.082629092
Switzerland,1996,0.0904595777
Switzerland,1997,0.0950050801
Switzerland,1998,0.0961115435
Switzerland,1999,0.0977760926
Switzerland,2000,0.0989771634
Switzerland,2001,0.0987471715
Switzerland,2002,0.093284443
Switzerland,2003,0.0948042721
Switzerland,2004,0.0972575173
Switzerland,2005,0.0994748399
Switzerland,2006,0.103678301
Switzerland,2007,0.1104687974
Switzerland,2008,0.1104250029
Switzerland,2009,0.1068658978
Switzerland,2010,0.1074901
Switzerland,2011,0.1190524027
Switzerland,2012,0.1043518037
Switzerland,2013,0.1065049991
Switzerland,2014,0.1130278036
Switzerland,2015,
Switzerland,2016,
Syrian Arab Republic,1980,
Syrian Arab Republic,1981,
Syrian Arab Republic,1982,
Syrian Arab Republic,1983,
Syrian Arab Republic,1984,
Syrian Arab Republic,1985,
Syrian Arab Republic,1986,
Syrian Arab Republic,1987,
Syrian Arab Republic,1988,
Syrian Arab Republic,1989,
Syrian Arab Republic,1990,0.1468341947
Syrian Arab Republic,1991,0.1468342096
Syrian Arab Republic,1992,0.1468342096
Syrian Arab Republic,1993,0.1468342245
Syrian Arab Republic,1994,0.1468342245
Syrian Arab Republic,1995,0.1468342245
Syrian Arab Republic,1996,0.1468342394
Syrian Arab Republic,1997,0.1468414813
Syrian Arab Republic,1998,0.1468304992
Syrian Arab Republic,1999,0.1468342245
Syrian Arab Republic,2000,0.1468342245
Syrian Arab Republic,2001,0.1468342245
Syrian Arab Republic,2002,0.1468342096
Syrian Arab Republic,2003,0.1468342394
Syrian Arab Republic,2004,0.1467651278
Syrian Arab Republic,2005,0.1468342096
Syrian Arab Republic,2006,0.1468342245
Syrian Arab Republic,2007,0.1468304843
Syrian Arab Republic,2008,0.1467652321
Syrian Arab Republic,2009,0.1468342245
Syrian Arab Republic,2010,0.1468452811
Syrian Arab Republic,2011,0.1468342245
Syrian Arab Republic,2012,0.1468342096
Syrian Arab Republic,2013,0.1468451917
Syrian Arab Republic,2014,0.1468342245
Syrian Arab Republic,2015,0.1468342096
Syrian Arab Republic,2016,0.1468342245
Taiwan,1980,0.0602968559
Taiwan,1981,0.059291739
Taiwan,1982,0.0620119609
Taiwan,1983,0.0618229359
Taiwan,1984,0.0649839714
Taiwan,1985,0.0683832094
Taiwan,1986,0.0672899634
Taiwan,1987,0.0748721063
Taiwan,1988,0.0720412135
Taiwan,1989,0.0814328641
Taiwan,1990,0.0779201016
Taiwan,1991,0.0804853886
Taiwan,1992,0.0740412399
Taiwan,1993,0.0695476755
Taiwan,1994,0.0728634298
Taiwan,1995,0.0729578808
Taiwan,1996,0.0729726851
Taiwan,1997,0.0752600357
Taiwan,1998,0.0800243542
Taiwan,1999,0.0790493935
Taiwan,2000,0.0885123536
Taiwan,2001,0.0914644226
Taiwan,2002,0.0857433453
Taiwan,2003,0.0918747559
Taiwan,2004,0.0911903903
Taiwan,2005,0.098758176
Taiwan,2006,0.0993704647
Taiwan,2007,0.1077101901
Taiwan,2008,0.1137795374
Taiwan,2009,0.0966323018
Taiwan,2010,0.1119875312
Taiwan,2011,0.1173742041
Taiwan,2012,0.113108702
Taiwan,2013,0.106765449
Taiwan,2014,
Taiwan,2015,
Taiwan,2016,
Turkey,1980,
Turkey,1981,
Turkey,1982,
Turkey,1983,
Turkey,1984,
Turkey,1985,
Turkey,1986,
Turkey,1987,
Turkey,1988,
Turkey,1989,
Turkey,1990,0.2825734615
Turkey,1991,0.2825734317
Turkey,1992,0.2825734317
Turkey,1993,0.2825733423
Turkey,1994,0.2825734317
Turkey,1995,0.2825734615
Turkey,1996,0.2825734615
Turkey,1997,0.2825734317
Turkey,1998,0.22453475
Turkey,1999,0.2245347649
Turkey,2000,0.22453475
Turkey,2001,0.2245347798
Turkey,2002,0.22453475
Turkey,2003,0.2196533382
Turkey,2004,0.2146455795
Turkey,2005,0.18888551
Turkey,2006,0.1796057075
Turkey,2007,0.1736188233
Turkey,2008,0.1827385426
Turkey,2009,0.1938407719
Turkey,2010,0.1990195662
Turkey,2011,0.1928068846
Turkey,2012,0.1978211701
Turkey,2013,0.1902291328
Turkey,2014,0.2098390609
Turkey,2015,0.2154310197
Turkey,2016,0.2343523651
USA,1980,0.1067100018
USA,1981,0.1105199978
USA,1982,0.1126400009
USA,1983,0.1151399985
USA,1984,0.1249599978
USA,1985,0.1255300045
USA,1986,0.1220899969
USA,1987,0.1330699921
USA,1988,0.1487600058
USA,1989,0.1446499974
USA,1990,0.14542
USA,1991,0.1389099956
USA,1992,0.1501300037
USA,1993,0.1464399993
USA,1994,0.1468700022
USA,1995,0.1528300047
USA,1996,0.1596699953
USA,1997,0.1662900001
USA,1998,0.1692299992
USA,1999,0.1770900041
USA,2000,0.1826599985
USA,2001,0.1726800054
USA,2002,0.1705799997
USA,2003,0.1720200032
USA,2004,0.1832199991
USA,2005,0.193719998
USA,2006,0.201000005
USA,2007,0.1986699998
USA,2008,0.1951999962
USA,2009,0.1854099929
USA,2010,0.1979999989
USA,2011,0.1959999949
USA,2012,0.2077900022
USA,2013,0.1959200054
USA,2014,0.2019999921
USA,2015,
USA,2016,
United Arab Emirates,1980,
United Arab Emirates,1981,
United Arab Emirates,1982,
United Arab Emirates,1983,
United Arab Emirates,1984,
United Arab Emirates,1985,
United Arab Emirates,1986,
United Arab Emirates,1987,
United Arab Emirates,1988,
United Arab Emirates,1989,
United Arab Emirates,1990,0.1956339478
United Arab Emirates,1991,0.1965252161
United Arab Emirates,1992,0.1974520981
United Arab Emirates,1993,0.1984110177
United Arab Emirates,1994,0.1993966848
United Arab Emirates,1995,0.2004216164
United Arab Emirates,1996,0.2008289397
United Arab Emirates,1997,0.201272741
United Arab Emirates,1998,0.2017508596
United Arab Emirates,1999,0.2022641897
United Arab Emirates,2000,0.2028174549
United Arab Emirates,2001,0.2034038752
United Arab Emirates,2002,0.2040262669
United Arab Emirates,2003,0.2046900094
United Arab Emirates,2004,0.2053980082
United Arab Emirates,2005,0.1946392208
United Arab Emirates,2006,0.2249657512
United Arab Emirates,2007,0.2467023432
United Arab Emirates,2008,0.2835845947
United Arab Emirates,2009,0.1558254212
United Arab Emirates,2010,0.1608429253
United Arab Emirates,2011,0.2236959934
United Arab Emirates,2012,0.2413718998
United Arab Emirates,2013,0.2530119717
United Arab Emirates,2014,0.2606209219
United Arab Emirates,2015,0.2311756015
United Arab Emirates,2016,0.2280587554
United Kingdom,1980,
United Kingdom,1981,0.0666999966
United Kingdom,1982,0.0684999973
United Kingdom,1983,0.0683000013
United Kingdom,1984,0.0715999976
United Kingdom,1985,0.074000001
United Kingdom,1986,0.0754999965
United Kingdom,1987,0.0777999982
United Kingdom,1988,0.0863000005
United Kingdom,1989,0.0866999999
United Kingdom,1990,0.0979999974
United Kingdom,1991,0.1032077074
United Kingdom,1992,0.0986000001
United Kingdom,1993,0.1036000028
United Kingdom,1994,0.1059999987
United Kingdom,1995,0.1075000018
United Kingdom,1996,0.1190000027
United Kingdom,1997,0.1207063645
United Kingdom,1998,0.1252992004
United Kingdom,1999,0.1323896348
United Kingdom,2000,0.1350871325
United Kingdom,2001,0.1338610947
United Kingdom,2002,0.1302582026
United Kingdom,2003,0.1323894262
United Kingdom,2004,0.1330055445
United Kingdom,2005,0.1422375441
United Kingdom,2006,0.1482000053
United Kingdom,2007,0.1544000059
United Kingdom,2008,0.1540468186
United Kingdom,2009,0.1542000026
United Kingdom,2010,0.1254999936
United Kingdom,2011,0.1293037534
United Kingdom,2012,0.1269690245
United Kingdom,2013,0.1452693045
United Kingdom,2014,0.1388271302
United Kingdom,2015,
United Kingdom,2016,
Uruguay,1980,
Uruguay,1981,
Uruguay,1982,
Uruguay,1983,
Uruguay,1984,
Uruguay,1985,
Uruguay,1986,
Uruguay,1987,
Uruguay,1988,
Uruguay,1989,
Uruguay,1990,
Uruguay,1991,
Uruguay,1992,
Uruguay,1993,
Uruguay,1994,
Uruguay,1995,
Uruguay,1996,
Uruguay,1997,
Uruguay,1998,
Uruguay,1999,
Uruguay,2000,
Uruguay,2001,
Uruguay,2002,
Uruguay,2003,
Uruguay,2004,
Uruguay,2005,
Uruguay,2006,
Uruguay,2007,
Uruguay,2008,
Uruguay,2009,0.1420000046
Uruguay,2010,0.1459999979
Uruguay,2011,0.1439999938
Uruguay,2012,0.1400000006
Uruguay,2013,
Uruguay,2014,
Uruguay,2015,
Uruguay,2016,
Yemen,1980,
Yemen,1981,
Yemen,1982,
Yemen,1983,
Yemen,1984,
Yemen,1985,
Yemen,1986,
Yemen,1987,
Yemen,1988,
Yemen,1989,
Yemen,1990,0.1570478529
Yemen,1991,0.1570478678
Yemen,1992,0.1570478678
Yemen,1993,0.1570478529
Yemen,1994,0.1570478678
Yemen,1995,0.1570478678
Yemen,1996,0.1570478678
Yemen,1997,0.1570478529
Yemen,1998,0.1570478678
Yemen,1999,0.1570478529
Yemen,2000,0.1570478529
Yemen,2001,0.1570478678
Yemen,2002,0.1570478678
Yemen,2003,0.1570478678
Yemen,2004,0.1570478678
Yemen,2005,0.1570478678
Yemen,2006,0.1570478678
Yemen,2007,0.1570478678
Yemen,2008,0.1570478678
Yemen,2009,0.1570478678
Yemen,2010,0.1570478678
Yemen,2011,0.1570478678
Yemen,2012,0.1570478678
Yemen,2013,0.1570478529
Yemen,2014,0.1570478678
Yemen,2015,0.1570478678
Yemen,2016,0.1570478529
Zambia,1980,
Zambia,1981,
Zambia,1982,
Zambia,1983,
Zambia,1984,
Zambia,1985,
Zambia,1986,
Zambia,1987,
Zambia,1988,
Zambia,1989,
Zambia,1990,
Zambia,1991,
Zambia,1992,
Zambia,1993,
Zambia,1994,
Zambia,1995,
Zambia,1996,
Zambia,1997,
Zambia,1998,
Zambia,1999,
Zambia,2000,
Zambia,2001,
Zambia,2002,
Zambia,2003,
Zambia,2004,
Zambia,2005,
Zambia,2006,
Zambia,2007,
Zambia,2008,
Zambia,2009,
Zambia,2010,
Zambia,2011,
Zambia,2012,
Zambia,2013,
Zambia,2014,
Zambia,2015,
Zambia,2016,
Zimbabwe,1980,0.1896823496
Zimbabwe,1981,
Zimbabwe,1982,
Zimbabwe,1983,0.1457021832
Zimbabwe,1984,0.163987115
Zimbabwe,1985,
Zimbabwe,1986,
Zimbabwe,1987,
Zimbabwe,1988,
Zimbabwe,1989,
Zimbabwe,1990,
Zimbabwe,1991,
Zimbabwe,1992,
Zimbabwe,1993,
Zimbabwe,1994,
Zimbabwe,1995,
Zimbabwe,1996,
Zimbabwe,1997,
Zimbabwe,1998,
Zimbabwe,1999,
Zimbabwe,2000,
Zimbabwe,2001,
Zimbabwe,2002,
Zimbabwe,2003,
Zimbabwe,2004,
Zimbabwe,2005,
Zimbabwe,2006,
Zimbabwe,2007,
Zimbabwe,2008,
Zimbabwe,2009,
Zimbabwe,2010,
Zimbabwe,2011,
Zimbabwe,2012,
Zimbabwe,2013,
Zimbabwe,2014,
Zimbabwe,2015,
Zimbabwe,2016,